{"type":"FeatureCollection","source":"內政部國土測繪中心 村里界圖 TWD97 經緯度","sourceDate":"2026-08-17","license":"政府資料開放授權條款－第1版","sourceUrl":"https://data.gov.tw/dataset/7438","features":[{"type":"Feature","properties":{"name":"和德里","code":"64000120006","district":"鳳山區"},"geometry":{"type":"Polygon","coordinates":[[[120.362022,22.620912],[120.362057,22.6209],[120.362599,22.620713],[120.362851,22.620615],[120.362836,22.620597],[120.362562,22.620277],[120.362171,22.619675],[120.362058,22.619528],[120.362024,22.619466],[120.361825,22.6191],[120.361636,22.61863],[120.361314,22.618137],[120.361184,22.61798],[120.36103,22.617876],[120.360475,22.617494],[120.360253,22.617341],[120.360013,22.617174],[120.359899,22.617095],[120.359764,22.617002],[120.359558,22.617172],[120.359238,22.617385],[120.358641,22.617771],[120.358189,22.618045],[120.358161,22.618065],[120.358136,22.618083],[120.358156,22.618113],[120.358588,22.618654],[120.358713,22.618819],[120.358861,22.618951],[120.359438,22.619554],[120.359903,22.620204],[120.36003,22.62038],[120.360024,22.620382],[120.359903,22.620418],[120.359498,22.620541],[120.358753,22.620806],[120.358572,22.620903],[120.358362,22.621044],[120.357964,22.621313],[120.358285,22.621567],[120.358466,22.621634],[120.358588,22.621679],[120.358631,22.621695],[120.358653,22.621695],[120.358671,22.621686],[120.358697,22.621662],[120.358761,22.621608],[120.358855,22.621547],[120.359397,22.62122],[120.359517,22.621146],[120.359554,22.621134],[120.359574,22.621128],[120.359604,22.62116],[120.359815,22.621531],[120.359899,22.621674],[120.35993,22.621725],[120.360631,22.621342],[120.360752,22.621284],[120.36111,22.62115],[120.361753,22.620988],[120.362022,22.620912]]]}},{"type":"Feature","properties":{"name":"鳳崗里","code":"64000120007","district":"鳳山區"},"geometry":{"type":"Polygon","coordinates":[[[120.36063,22.628894],[120.360603,22.628771],[120.360587,22.628695],[120.360543,22.628476],[120.360493,22.628232],[120.360448,22.628094],[120.3604,22.627944],[120.36013,22.627109],[120.360124,22.62711],[120.359943,22.627146],[120.359811,22.627154],[120.35966,22.627127],[120.359371,22.627031],[120.359087,22.627084],[120.358871,22.627103],[120.358364,22.62714],[120.358017,22.627145],[120.357398,22.627104],[120.357338,22.627318],[120.356912,22.627303],[120.356336,22.627292],[120.356412,22.627588],[120.356417,22.627667],[120.356384,22.628197],[120.35634,22.628669],[120.356313,22.628996],[120.357139,22.628968],[120.357726,22.628991],[120.358878,22.629018],[120.359285,22.629013],[120.359572,22.629009],[120.35962,22.629004],[120.360622,22.628895],[120.36063,22.628894]]]}},{"type":"Feature","properties":{"name":"鎮北里","code":"64000120009","district":"鳳山區"},"geometry":{"type":"Polygon","coordinates":[[[120.374525,22.647455],[120.374577,22.647445],[120.374655,22.647273],[120.37479,22.646956],[120.374893,22.646715],[120.375103,22.64623],[120.375307,22.645767],[120.375434,22.64547],[120.375558,22.64518],[120.375696,22.644882],[120.37582,22.64461],[120.375872,22.644548],[120.375921,22.644466],[120.375944,22.644413],[120.375937,22.6443],[120.375928,22.644253],[120.375878,22.644195],[120.375839,22.644161],[120.375683,22.644109],[120.375591,22.644068],[120.375501,22.644029],[120.375304,22.643913],[120.375157,22.643838],[120.375056,22.643765],[120.375051,22.64368],[120.375061,22.643577],[120.375103,22.643477],[120.375175,22.643332],[120.375245,22.643195],[120.375287,22.64309],[120.37541,22.642916],[120.375535,22.642739],[120.375614,22.64261],[120.375656,22.642544],[120.375793,22.642354],[120.375851,22.642256],[120.375921,22.642096],[120.376053,22.641767],[120.376214,22.641386],[120.376347,22.641101],[120.376503,22.640748],[120.376591,22.640515],[120.376776,22.64],[120.376879,22.639712],[120.376919,22.639629],[120.375987,22.639239],[120.375404,22.638901],[120.37527,22.638823],[120.37444,22.638368],[120.372333,22.637233],[120.371354,22.636717],[120.370997,22.636546],[120.37063,22.636371],[120.370545,22.636322],[120.370532,22.636314],[120.369682,22.637679],[120.369655,22.637708],[120.36962,22.637714],[120.369615,22.637715],[120.369592,22.637701],[120.369513,22.637655],[120.36857,22.637101],[120.368241,22.636976],[120.368103,22.636957],[120.364316,22.637578],[120.364319,22.637596],[120.364489,22.638401],[120.364561,22.638868],[120.364569,22.638921],[120.364583,22.639013],[120.364603,22.639393],[120.364506,22.639884],[120.364327,22.640421],[120.364209,22.64093],[120.364184,22.641037],[120.364185,22.641037],[120.365395,22.641037],[120.365946,22.64106],[120.365999,22.641062],[120.366253,22.640968],[120.366309,22.640945],[120.366396,22.640908],[120.3665,22.640824],[120.366565,22.640771],[120.366665,22.640674],[120.367023,22.640328],[120.367029,22.640366],[120.367034,22.640395],[120.367158,22.641128],[120.367176,22.641168],[120.367282,22.64188],[120.367283,22.641889],[120.367285,22.641903],[120.367299,22.641912],[120.367338,22.641925],[120.367694,22.641893],[120.368496,22.641813],[120.368588,22.641808],[120.368621,22.641818],[120.368635,22.641854],[120.36869,22.642536],[120.368814,22.643656],[120.368843,22.643918],[120.368942,22.644813],[120.36943,22.644776],[120.369446,22.644883],[120.369484,22.645135],[120.369472,22.645137],[120.368622,22.64522],[120.368346,22.645226],[120.36776,22.645262],[120.367754,22.645283],[120.36771,22.645429],[120.367777,22.645515],[120.368926,22.64597],[120.37035,22.646534],[120.370561,22.64658],[120.371342,22.646628],[120.371879,22.646676],[120.371879,22.646676],[120.371879,22.646675],[120.371914,22.646647],[120.371927,22.646637],[120.37197,22.646611],[120.372059,22.646607],[120.372113,22.646607],[120.372203,22.64664],[120.372354,22.6467],[120.372502,22.646772],[120.372706,22.646843],[120.372982,22.646923],[120.373242,22.647016],[120.373549,22.647121],[120.373836,22.647229],[120.374297,22.647396],[120.374501,22.64746],[120.374525,22.647455]]]}},{"type":"Feature","properties":{"name":"縣衙里","code":"64000120010","district":"鳳山區"},"geometry":{"type":"Polygon","coordinates":[[[120.36013,22.627109],[120.360108,22.627041],[120.360045,22.626846],[120.359871,22.626359],[120.359719,22.625931],[120.358666,22.626116],[120.358283,22.626128],[120.35741,22.626072],[120.356607,22.62602],[120.356596,22.62602],[120.356013,22.626001],[120.355908,22.625998],[120.355858,22.625996],[120.355862,22.62602],[120.355886,22.626172],[120.355901,22.626222],[120.356252,22.626955],[120.356293,22.627149],[120.356336,22.627292],[120.356912,22.627303],[120.357338,22.627318],[120.357398,22.627104],[120.358017,22.627145],[120.358364,22.62714],[120.358871,22.627103],[120.359087,22.627084],[120.359371,22.627031],[120.35966,22.627127],[120.359811,22.627154],[120.359943,22.627146],[120.360124,22.62711],[120.36013,22.627109]]]}},{"type":"Feature","properties":{"name":"文英里","code":"64000120011","district":"鳳山區"},"geometry":{"type":"Polygon","coordinates":[[[120.362026,22.635456],[120.361995,22.635462],[120.3543,22.636834],[120.352576,22.637134],[120.352587,22.637143],[120.352746,22.637274],[120.352941,22.637436],[120.353406,22.637654],[120.353886,22.637796],[120.354074,22.637824],[120.354239,22.637881],[120.354331,22.637868],[120.354562,22.637835],[120.355225,22.637725],[120.355262,22.637892],[120.355439,22.637872],[120.355474,22.638007],[120.355483,22.638042],[120.35606,22.638058],[120.356223,22.638063],[120.356155,22.638278],[120.356116,22.638399],[120.356154,22.638477],[120.356154,22.638478],[120.356483,22.638405],[120.357024,22.638321],[120.357036,22.638319],[120.357181,22.638293],[120.357414,22.638273],[120.357819,22.638245],[120.35912,22.638276],[120.359765,22.638326],[120.359823,22.638331],[120.361122,22.638433],[120.362953,22.6386],[120.362976,22.638603],[120.362037,22.635492],[120.362026,22.635456]]]}},{"type":"Feature","properties":{"name":"鎮東里","code":"64000120013","district":"鳳山區"},"geometry":{"type":"Polygon","coordinates":[[[120.365726,22.62416],[120.366828,22.623606],[120.368029,22.622943],[120.367398,22.622353],[120.366887,22.621862],[120.366848,22.621824],[120.366804,22.621782],[120.366365,22.621402],[120.366022,22.621104],[120.365938,22.621031],[120.365533,22.620741],[120.365331,22.620607],[120.365172,22.620532],[120.365142,22.620518],[120.364933,22.620481],[120.364335,22.620384],[120.364058,22.620329],[120.363925,22.620337],[120.363786,22.620355],[120.363394,22.620435],[120.363367,22.620441],[120.363156,22.620528],[120.362851,22.620615],[120.363275,22.621262],[120.363443,22.621645],[120.363601,22.621982],[120.363708,22.62223],[120.364315,22.62319],[120.365099,22.624507],[120.365726,22.62416]]]}},{"type":"Feature","properties":{"name":"埤頂里","code":"64000120014","district":"鳳山區"},"geometry":{"type":"Polygon","coordinates":[[[120.382579,22.629482],[120.382012,22.629108],[120.381832,22.628989],[120.381361,22.628714],[120.380434,22.628311],[120.378986,22.627684],[120.375447,22.62615],[120.375445,22.626149],[120.375421,22.626162],[120.375046,22.62636],[120.373805,22.627023],[120.373814,22.627265],[120.373817,22.627344],[120.373878,22.628852],[120.373889,22.629367],[120.373895,22.629547],[120.373904,22.62966],[120.373907,22.629769],[120.373855,22.629841],[120.373386,22.630212],[120.373062,22.63066],[120.372971,22.63091],[120.372933,22.630986],[120.37293,22.630991],[120.372956,22.631212],[120.372978,22.631406],[120.373153,22.631915],[120.373265,22.63208],[120.373379,22.632198],[120.373542,22.632325],[120.373726,22.632432],[120.373953,22.632541],[120.374035,22.632569],[120.374117,22.63258],[120.374405,22.63262],[120.374715,22.632621],[120.375035,22.632494],[120.375441,22.632328],[120.376299,22.633418],[120.376905,22.634187],[120.376959,22.634256],[120.376898,22.634292],[120.376848,22.634322],[120.376253,22.63468],[120.375932,22.634845],[120.375588,22.635046],[120.375485,22.635106],[120.374942,22.635103],[120.373441,22.635059],[120.372907,22.634809],[120.372088,22.634388],[120.37207,22.634379],[120.371988,22.634478],[120.371856,22.634694],[120.371862,22.634697],[120.373113,22.635367],[120.373438,22.63547],[120.376606,22.635866],[120.378191,22.636024],[120.378468,22.636052],[120.378468,22.636052],[120.378558,22.635936],[120.378682,22.635737],[120.378875,22.63543],[120.379047,22.635149],[120.379129,22.635034],[120.379181,22.634923],[120.379371,22.634589],[120.379499,22.634335],[120.379734,22.633886],[120.37987,22.633638],[120.380056,22.633321],[120.380199,22.63302],[120.380215,22.63296],[120.380307,22.632745],[120.380499,22.632368],[120.380607,22.632157],[120.380761,22.631882],[120.38081,22.631759],[120.380828,22.631716],[120.380909,22.631597],[120.380968,22.63152],[120.381088,22.631401],[120.381275,22.631087],[120.381506,22.6307],[120.381693,22.630399],[120.381737,22.630379],[120.381737,22.630311],[120.381863,22.630134],[120.381922,22.630059],[120.381967,22.629939],[120.382207,22.629686],[120.382371,22.629588],[120.382418,22.629563],[120.382563,22.62949],[120.382579,22.629482]]]}},{"type":"Feature","properties":{"name":"中正里","code":"64000120015","district":"鳳山區"},"geometry":{"type":"Polygon","coordinates":[[[120.37293,22.630991],[120.372933,22.630986],[120.372971,22.63091],[120.373062,22.63066],[120.373386,22.630212],[120.373855,22.629841],[120.373907,22.629769],[120.373904,22.62966],[120.373895,22.629547],[120.373889,22.629367],[120.373878,22.628852],[120.373817,22.627344],[120.373814,22.627265],[120.373805,22.627023],[120.373331,22.627278],[120.372996,22.627458],[120.372114,22.627926],[120.371394,22.628535],[120.370718,22.629065],[120.370426,22.629317],[120.369666,22.630003],[120.368449,22.630987],[120.368534,22.631048],[120.368563,22.631068],[120.368578,22.631073],[120.368698,22.631112],[120.368718,22.631119],[120.36873,22.631119],[120.368901,22.631124],[120.369231,22.631103],[120.36996,22.631087],[120.371324,22.631016],[120.372417,22.630999],[120.37293,22.630991]]]}},{"type":"Feature","properties":{"name":"鎮南里","code":"64000120016","district":"鳳山區"},"geometry":{"type":"Polygon","coordinates":[[[120.33222,22.598672],[120.333397,22.598169],[120.333576,22.5981],[120.334285,22.597827],[120.334608,22.597616],[120.33489,22.597346],[120.334862,22.59733],[120.333824,22.596734],[120.333338,22.596453],[120.332919,22.596248],[120.332543,22.596128],[120.332416,22.596087],[120.33188,22.595897],[120.331857,22.595889],[120.331823,22.595873],[120.331796,22.595859],[120.331324,22.595631],[120.331049,22.595454],[120.330967,22.595401],[120.330902,22.595359],[120.330214,22.594789],[120.329907,22.594508],[120.32975,22.594363],[120.329333,22.594044],[120.329204,22.593945],[120.329182,22.593929],[120.329149,22.593906],[120.329063,22.593846],[120.328307,22.593311],[120.328286,22.593296],[120.328283,22.593306],[120.327987,22.594265],[120.327883,22.594603],[120.327814,22.594788],[120.327645,22.595241],[120.327662,22.595253],[120.328138,22.595595],[120.32865,22.5959],[120.329123,22.596214],[120.329109,22.596235],[120.329039,22.596345],[120.328819,22.59669],[120.328743,22.596808],[120.328692,22.596947],[120.328602,22.597188],[120.328599,22.597196],[120.328599,22.597197],[120.328575,22.597372],[120.328574,22.597396],[120.328567,22.597496],[120.328628,22.597618],[120.328722,22.597701],[120.328789,22.597761],[120.330255,22.59886],[120.330842,22.599305],[120.331982,22.598772],[120.33222,22.598672]]]}},{"type":"Feature","properties":{"name":"老爺里","code":"64000120017","district":"鳳山區"},"geometry":{"type":"Polygon","coordinates":[[[120.350465,22.612218],[120.350451,22.612207],[120.350255,22.612049],[120.350093,22.611919],[120.350025,22.611869],[120.349966,22.611799],[120.349881,22.611683],[120.349743,22.611443],[120.349648,22.611276],[120.349161,22.610475],[120.348732,22.609764],[120.34831,22.609065],[120.347038,22.607012],[120.346875,22.606749],[120.345957,22.605262],[120.345372,22.604343],[120.344971,22.603841],[120.344264,22.602957],[120.343764,22.602287],[120.343636,22.602117],[120.343501,22.601955],[120.343478,22.601929],[120.343235,22.601772],[120.342831,22.601501],[120.342388,22.601147],[120.342283,22.601063],[120.342261,22.601048],[120.342425,22.602062],[120.342404,22.602764],[120.342215,22.603748],[120.342078,22.604309],[120.341839,22.604979],[120.341197,22.606221],[120.341181,22.606252],[120.341319,22.606261],[120.3438,22.606423],[120.345417,22.606529],[120.34556,22.606536],[120.345621,22.606558],[120.345659,22.606573],[120.345684,22.606625],[120.345698,22.606656],[120.345688,22.606794],[120.345513,22.608868],[120.345535,22.609995],[120.345535,22.610017],[120.346098,22.610049],[120.346156,22.610051],[120.346217,22.610072],[120.346304,22.61012],[120.34658,22.61041],[120.346614,22.610452],[120.346959,22.610879],[120.34738,22.611386],[120.348005,22.612136],[120.348516,22.612813],[120.348549,22.612856],[120.349053,22.613481],[120.349055,22.613479],[120.349628,22.613034],[120.34965,22.613016],[120.35024,22.612459],[120.350461,22.612223],[120.350465,22.612218]]]}},{"type":"Feature","properties":{"name":"瑞竹里","code":"64000120018","district":"鳳山區"},"geometry":{"type":"Polygon","coordinates":[[[120.373805,22.627023],[120.375046,22.62636],[120.375421,22.626162],[120.375445,22.626149],[120.374314,22.62569],[120.37373,22.625454],[120.37246,22.6249],[120.370973,22.624261],[120.36996,22.623826],[120.369805,22.623759],[120.369493,22.623625],[120.368485,22.623192],[120.368312,22.623118],[120.368062,22.622963],[120.368029,22.622943],[120.366828,22.623606],[120.365726,22.62416],[120.365739,22.624178],[120.36589,22.624379],[120.36605,22.624651],[120.366196,22.624851],[120.366479,22.625241],[120.366562,22.625355],[120.366688,22.625479],[120.367037,22.625823],[120.367156,22.62594],[120.367362,22.626123],[120.368375,22.627022],[120.368969,22.627562],[120.369508,22.628047],[120.369594,22.628149],[120.369682,22.628362],[120.369722,22.628461],[120.369741,22.628482],[120.369993,22.628758],[120.370026,22.628794],[120.370269,22.629111],[120.370426,22.629317],[120.370718,22.629065],[120.371394,22.628535],[120.372114,22.627926],[120.372996,22.627458],[120.373331,22.627278],[120.373805,22.627023]]]}},{"type":"Feature","properties":{"name":"海光里","code":"64000120022","district":"鳳山區"},"geometry":{"type":"Polygon","coordinates":[[[120.37293,22.630991],[120.372417,22.630999],[120.371324,22.631016],[120.36996,22.631087],[120.369231,22.631103],[120.368901,22.631124],[120.36873,22.631119],[120.368718,22.631119],[120.368698,22.631112],[120.368578,22.631073],[120.368563,22.631068],[120.368534,22.631048],[120.368449,22.630987],[120.368445,22.630989],[120.368205,22.631137],[120.367908,22.63126],[120.367482,22.631396],[120.367178,22.631433],[120.366955,22.631444],[120.366645,22.631467],[120.366436,22.63148],[120.366309,22.631444],[120.366289,22.631439],[120.36633,22.631467],[120.366581,22.631641],[120.366919,22.6321],[120.367302,22.632662],[120.367887,22.633195],[120.368102,22.633338],[120.368735,22.633498],[120.369104,22.633671],[120.369459,22.633844],[120.369886,22.634124],[120.370223,22.634112],[120.37055,22.634177],[120.370612,22.63419],[120.37074,22.634215],[120.371199,22.634384],[120.371856,22.634694],[120.371988,22.634478],[120.37207,22.634379],[120.372088,22.634388],[120.372907,22.634809],[120.373441,22.635059],[120.374942,22.635103],[120.375485,22.635106],[120.375588,22.635046],[120.375932,22.634845],[120.376253,22.63468],[120.376848,22.634322],[120.376898,22.634292],[120.376959,22.634256],[120.376905,22.634187],[120.376299,22.633418],[120.375441,22.632328],[120.375035,22.632494],[120.374715,22.632621],[120.374405,22.63262],[120.374117,22.63258],[120.374035,22.632569],[120.373953,22.632541],[120.373726,22.632432],[120.373542,22.632325],[120.373379,22.632198],[120.373265,22.63208],[120.373153,22.631915],[120.372978,22.631406],[120.372956,22.631212],[120.37293,22.630991]]]}},{"type":"Feature","properties":{"name":"誠智里","code":"64000120062","district":"鳳山區"},"geometry":{"type":"Polygon","coordinates":[[[120.376809,22.622366],[120.378163,22.622349],[120.378165,22.622298],[120.378167,22.622256],[120.378187,22.622198],[120.37826,22.622092],[120.378327,22.621996],[120.378457,22.621808],[120.378482,22.621752],[120.378482,22.621673],[120.378473,22.621619],[120.378435,22.621525],[120.378356,22.621422],[120.378322,22.621378],[120.378273,22.621298],[120.378218,22.621208],[120.378214,22.621126],[120.378215,22.620943],[120.378243,22.620811],[120.378299,22.620657],[120.378355,22.620414],[120.378375,22.620291],[120.378385,22.620161],[120.378384,22.619979],[120.378385,22.619828],[120.378478,22.619672],[120.378522,22.61958],[120.378591,22.619433],[120.378721,22.619157],[120.378794,22.618997],[120.378857,22.618918],[120.378942,22.618847],[120.379012,22.618821],[120.379097,22.618821],[120.379184,22.618804],[120.379265,22.618777],[120.379324,22.618749],[120.37941,22.618696],[120.37955,22.618575],[120.379586,22.618539],[120.379628,22.618435],[120.379662,22.618332],[120.379667,22.618264],[120.379652,22.61817],[120.379626,22.618099],[120.379582,22.618016],[120.379585,22.617922],[120.379584,22.617824],[120.379608,22.617782],[120.379667,22.617672],[120.379727,22.617558],[120.379751,22.617473],[120.379769,22.617387],[120.379763,22.617269],[120.379751,22.617171],[120.379724,22.61703],[120.379703,22.616952],[120.379703,22.616952],[120.379688,22.616898],[120.379621,22.616747],[120.379558,22.616636],[120.379466,22.616501],[120.379393,22.616371],[120.379298,22.616209],[120.379248,22.616129],[120.379172,22.615955],[120.379095,22.615775],[120.379043,22.615616],[120.378995,22.615484],[120.378942,22.615333],[120.378898,22.615253],[120.378826,22.615151],[120.378767,22.61508],[120.378684,22.615038],[120.378614,22.614997],[120.378562,22.614957],[120.378538,22.614908],[120.378539,22.614796],[120.378553,22.614698],[120.378594,22.614573],[120.378643,22.614488],[120.378671,22.614399],[120.378666,22.614245],[120.378608,22.61373],[120.378576,22.613576],[120.378543,22.613472],[120.378483,22.613377],[120.378424,22.613301],[120.378343,22.613233],[120.378302,22.613177],[120.378206,22.613001],[120.378137,22.612827],[120.37808,22.612671],[120.37805,22.612586],[120.378038,22.612393],[120.378052,22.612264],[120.378075,22.612119],[120.378074,22.612012],[120.378077,22.611908],[120.378075,22.611737],[120.378066,22.611547],[120.37805,22.611469],[120.378019,22.61142],[120.377958,22.61134],[120.377861,22.611236],[120.377749,22.611127],[120.377657,22.611032],[120.377593,22.610935],[120.37756,22.610833],[120.37751,22.61064],[120.377488,22.6105],[120.377471,22.610303],[120.37747,22.610196],[120.377485,22.610142],[120.377519,22.610083],[120.377528,22.610012],[120.377537,22.609905],[120.377494,22.609781],[120.377432,22.609681],[120.377351,22.609533],[120.377316,22.609436],[120.377285,22.609281],[120.377287,22.609169],[120.377283,22.608985],[120.377296,22.608755],[120.377308,22.608466],[120.377311,22.608289],[120.377315,22.608114],[120.377266,22.607993],[120.377236,22.607943],[120.377179,22.607843],[120.377046,22.607659],[120.376976,22.607562],[120.376912,22.60746],[120.376837,22.607378],[120.376774,22.607307],[120.376669,22.607221],[120.376602,22.607173],[120.376602,22.607172],[120.376574,22.607152],[120.37651,22.607106],[120.376397,22.607043],[120.376353,22.607015],[120.376272,22.606983],[120.376185,22.606989],[120.376114,22.60701],[120.376024,22.60702],[120.375971,22.607015],[120.37586,22.606994],[120.375785,22.606961],[120.375679,22.6069],[120.375595,22.606835],[120.375474,22.606725],[120.375409,22.60666],[120.375343,22.606599],[120.375245,22.606491],[120.375146,22.606376],[120.3751,22.606337],[120.375013,22.606291],[120.374899,22.606272],[120.374783,22.606272],[120.374698,22.606281],[120.37465,22.606295],[120.374543,22.606354],[120.374461,22.606417],[120.374393,22.606458],[120.374254,22.606537],[120.374172,22.606571],[120.374066,22.606607],[120.373946,22.606643],[120.373851,22.606667],[120.373737,22.606685],[120.373718,22.606685],[120.373721,22.606701],[120.373726,22.606732],[120.37386,22.607483],[120.373788,22.60848],[120.37365,22.60915],[120.373412,22.609711],[120.372971,22.610601],[120.37221,22.611533],[120.371417,22.612264],[120.370521,22.613152],[120.369998,22.613586],[120.369744,22.614007],[120.369422,22.614552],[120.36941,22.614554],[120.368842,22.616541],[120.368481,22.617671],[120.368422,22.617853],[120.368347,22.617928],[120.368267,22.617941],[120.365463,22.617811],[120.365367,22.618849],[120.365337,22.61918],[120.365172,22.620532],[120.365331,22.620607],[120.365533,22.620741],[120.365938,22.621031],[120.366022,22.621104],[120.366365,22.621402],[120.366804,22.621782],[120.366848,22.621824],[120.366887,22.621862],[120.36872,22.622],[120.36903,22.622028],[120.370604,22.62217],[120.373021,22.622322],[120.373021,22.622321],[120.373178,22.620619],[120.373273,22.619579],[120.373309,22.619515],[120.373332,22.619476],[120.374533,22.619542],[120.374838,22.619558],[120.375544,22.620139],[120.37542,22.62022],[120.374776,22.620863],[120.374774,22.622389],[120.374924,22.622392],[120.37497,22.622392],[120.376505,22.622376],[120.376789,22.622366],[120.376809,22.622366]]]}},{"type":"Feature","properties":{"name":"光明里","code":"64000120003","district":"鳳山區"},"geometry":{"type":"Polygon","coordinates":[[[120.362542,22.628674],[120.362521,22.628545],[120.362483,22.62831],[120.362307,22.62739],[120.36229,22.627368],[120.362247,22.627368],[120.362173,22.627383],[120.361875,22.627454],[120.361858,22.627458],[120.361848,22.627461],[120.361831,22.627454],[120.361824,22.627436],[120.361605,22.626545],[120.361582,22.62648],[120.361563,22.626426],[120.361025,22.626553],[120.360974,22.626565],[120.360881,22.626044],[120.360809,22.625729],[120.360789,22.625706],[120.360774,22.625689],[120.360716,22.625704],[120.360527,22.625744],[120.360418,22.625766],[120.360374,22.625768],[120.360329,22.625712],[120.360055,22.625316],[120.359982,22.625243],[120.359672,22.624903],[120.359746,22.624858],[120.359933,22.624746],[120.360285,22.624447],[120.360589,22.624178],[120.360585,22.624174],[120.360556,22.624143],[120.360072,22.623625],[120.36006,22.623633],[120.359982,22.623689],[120.359971,22.623696],[120.359961,22.623705],[120.359513,22.624115],[120.359179,22.624384],[120.358833,22.62459],[120.358799,22.624611],[120.359055,22.624957],[120.359464,22.625552],[120.359631,22.62577],[120.359704,22.625903],[120.359719,22.625931],[120.359871,22.626359],[120.360045,22.626846],[120.360108,22.627041],[120.36013,22.627109],[120.3604,22.627944],[120.360448,22.628094],[120.360493,22.628232],[120.360543,22.628476],[120.360587,22.628695],[120.360603,22.628771],[120.36063,22.628894],[120.360659,22.628891],[120.361521,22.628803],[120.361998,22.628743],[120.362542,22.628674]]]}},{"type":"Feature","properties":{"name":"興中里","code":"64000120004","district":"鳳山區"},"geometry":{"type":"Polygon","coordinates":[[[120.354616,22.620358],[120.354228,22.620623],[120.354208,22.620634],[120.354204,22.620635],[120.354188,22.620636],[120.354176,22.620623],[120.353828,22.62019],[120.353178,22.619309],[120.353169,22.619297],[120.353042,22.619126],[120.352983,22.61904],[120.352864,22.618884],[120.352754,22.618739],[120.352753,22.618739],[120.352309,22.618951],[120.352149,22.619028],[120.351975,22.61911],[120.351951,22.619122],[120.351953,22.619131],[120.352508,22.621465],[120.352576,22.621718],[120.352909,22.623044],[120.352946,22.623192],[120.353192,22.624382],[120.353509,22.62591],[120.353539,22.625911],[120.355509,22.625995],[120.355542,22.625923],[120.355527,22.625715],[120.35545,22.625496],[120.355399,22.62543],[120.355208,22.625115],[120.354924,22.624701],[120.354615,22.624194],[120.354422,22.623895],[120.354414,22.623843],[120.354458,22.623792],[120.35478,22.623678],[120.355073,22.623548],[120.355183,22.623499],[120.355705,22.623116],[120.355732,22.623097],[120.356298,22.622681],[120.356554,22.622474],[120.356648,22.622398],[120.355985,22.621779],[120.355485,22.621263],[120.354853,22.620605],[120.354616,22.620358]]]}},{"type":"Feature","properties":{"name":"南興里","code":"64000120005","district":"鳳山區"},"geometry":{"type":"Polygon","coordinates":[[[120.362022,22.620912],[120.361753,22.620988],[120.36111,22.62115],[120.360752,22.621284],[120.360631,22.621342],[120.35993,22.621725],[120.359079,22.622194],[120.35881,22.622333],[120.359598,22.623203],[120.360067,22.62362],[120.360072,22.623625],[120.360592,22.623245],[120.360742,22.623162],[120.361678,22.622732],[120.361953,22.622494],[120.362248,22.622037],[120.362342,22.621868],[120.362335,22.621847],[120.362022,22.620912]]]}},{"type":"Feature","properties":{"name":"新興里","code":"64000120021","district":"鳳山區"},"geometry":{"type":"Polygon","coordinates":[[[120.365902,22.62949],[120.365666,22.629129],[120.365575,22.628842],[120.365379,22.628075],[120.365314,22.627719],[120.365323,22.627425],[120.365366,22.627278],[120.365389,22.627224],[120.365572,22.626839],[120.363817,22.626981],[120.363629,22.626012],[120.362927,22.626167],[120.362886,22.626176],[120.362812,22.626192],[120.362486,22.626265],[120.362424,22.626239],[120.362397,22.626196],[120.362374,22.6261],[120.362206,22.62541],[120.361925,22.625479],[120.361915,22.625477],[120.361794,22.625456],[120.361628,22.625241],[120.361649,22.625216],[120.361705,22.625153],[120.361936,22.625005],[120.36181,22.624711],[120.361565,22.624136],[120.361571,22.624122],[120.361583,22.624093],[120.361625,22.624082],[120.362048,22.623899],[120.361852,22.623377],[120.361838,22.623384],[120.361775,22.623417],[120.361607,22.623505],[120.361139,22.623751],[120.361004,22.623848],[120.360768,22.624018],[120.360589,22.624178],[120.360285,22.624447],[120.359933,22.624746],[120.359746,22.624858],[120.359672,22.624903],[120.359982,22.625243],[120.360055,22.625316],[120.360329,22.625712],[120.360374,22.625768],[120.360418,22.625766],[120.360527,22.625744],[120.360716,22.625704],[120.360774,22.625689],[120.360789,22.625706],[120.360809,22.625729],[120.360881,22.626044],[120.360974,22.626565],[120.361025,22.626553],[120.361563,22.626426],[120.361582,22.62648],[120.361605,22.626545],[120.361824,22.627436],[120.361831,22.627454],[120.361848,22.627461],[120.361858,22.627458],[120.361875,22.627454],[120.362173,22.627383],[120.362247,22.627368],[120.36229,22.627368],[120.362307,22.62739],[120.362483,22.62831],[120.362521,22.628545],[120.362542,22.628674],[120.362546,22.628706],[120.362565,22.628852],[120.362647,22.629198],[120.362708,22.629457],[120.362708,22.629458],[120.363492,22.629154],[120.363749,22.629065],[120.363856,22.629049],[120.363947,22.629063],[120.364013,22.629088],[120.364205,22.629186],[120.364391,22.629286],[120.364601,22.629386],[120.36465,22.629414],[120.364773,22.629457],[120.364867,22.629475],[120.365013,22.629501],[120.365108,22.629537],[120.365319,22.629561],[120.365577,22.629534],[120.365735,22.629512],[120.365902,22.62949]]]}},{"type":"Feature","properties":{"name":"忠誠里","code":"64000120024","district":"鳳山區"},"geometry":{"type":"Polygon","coordinates":[[[120.371879,22.646676],[120.371342,22.646628],[120.370561,22.64658],[120.37035,22.646534],[120.368926,22.64597],[120.367777,22.645515],[120.36771,22.645429],[120.367754,22.645283],[120.36776,22.645262],[120.368346,22.645226],[120.368622,22.64522],[120.369472,22.645137],[120.369484,22.645135],[120.369446,22.644883],[120.36943,22.644776],[120.368942,22.644813],[120.368843,22.643918],[120.368814,22.643656],[120.36869,22.642536],[120.368635,22.641854],[120.368621,22.641818],[120.368588,22.641808],[120.368496,22.641813],[120.367694,22.641893],[120.367338,22.641925],[120.367299,22.641912],[120.367285,22.641903],[120.367283,22.641889],[120.367282,22.64188],[120.367176,22.641168],[120.367158,22.641128],[120.367034,22.640395],[120.367029,22.640366],[120.367023,22.640328],[120.366665,22.640674],[120.366565,22.640771],[120.3665,22.640824],[120.366396,22.640908],[120.366309,22.640945],[120.366253,22.640968],[120.365999,22.641062],[120.365946,22.64106],[120.365395,22.641037],[120.364185,22.641037],[120.364184,22.641037],[120.364039,22.641643],[120.363979,22.641854],[120.363975,22.641869],[120.364663,22.64419],[120.364687,22.644182],[120.36471,22.644173],[120.364829,22.644141],[120.364874,22.644185],[120.364923,22.644342],[120.364971,22.644479],[120.36507,22.644763],[120.365113,22.644898],[120.36519,22.645149],[120.365223,22.64528],[120.365257,22.645345],[120.365411,22.645344],[120.365542,22.645335],[120.36576,22.645333],[120.365865,22.645317],[120.365974,22.645308],[120.366095,22.645307],[120.366229,22.645306],[120.366403,22.645312],[120.366773,22.645327],[120.366993,22.645344],[120.367134,22.645373],[120.367223,22.645448],[120.367273,22.645526],[120.367336,22.645594],[120.367446,22.645683],[120.367502,22.645717],[120.367639,22.645785],[120.367783,22.645854],[120.368063,22.645985],[120.368249,22.646066],[120.368574,22.646209],[120.36882,22.64632],[120.368973,22.646383],[120.369044,22.646443],[120.369074,22.646481],[120.369077,22.646557],[120.36905,22.646658],[120.368988,22.646841],[120.368972,22.646922],[120.368882,22.647188],[120.368844,22.64732],[120.368748,22.647599],[120.368687,22.647803],[120.368622,22.647985],[120.368653,22.648068],[120.368879,22.648219],[120.369086,22.648325],[120.369362,22.648408],[120.36964,22.648468],[120.369969,22.648519],[120.37044,22.648579],[120.370696,22.648612],[120.370925,22.648649],[120.370916,22.648346],[120.370865,22.648219],[120.3709,22.648154],[120.370977,22.648019],[120.371155,22.647754],[120.371335,22.647486],[120.371493,22.647254],[120.371698,22.646941],[120.371879,22.646676]]]}},{"type":"Feature","properties":{"name":"新甲里","code":"64000120025","district":"鳳山區"},"geometry":{"type":"Polygon","coordinates":[[[120.341181,22.606252],[120.339963,22.608468],[120.340108,22.608465],[120.340774,22.60845],[120.340929,22.608559],[120.341939,22.608577],[120.345036,22.608834],[120.345502,22.608867],[120.345513,22.608868],[120.345688,22.606794],[120.345698,22.606656],[120.345684,22.606625],[120.345659,22.606573],[120.345621,22.606558],[120.34556,22.606536],[120.345417,22.606529],[120.3438,22.606423],[120.341319,22.606261],[120.341181,22.606252]]]}},{"type":"Feature","properties":{"name":"一甲里","code":"64000120028","district":"鳳山區"},"geometry":{"type":"Polygon","coordinates":[[[120.33954,22.600743],[120.338396,22.599932],[120.338334,22.599888],[120.337621,22.599383],[120.336534,22.59853],[120.336519,22.598518],[120.33489,22.600554],[120.334886,22.600559],[120.338068,22.60269],[120.338078,22.602697],[120.338083,22.602701],[120.33812,22.602653],[120.339285,22.601112],[120.339539,22.600754],[120.33954,22.600743]]]}},{"type":"Feature","properties":{"name":"東門里","code":"64000120030","district":"鳳山區"},"geometry":{"type":"Polygon","coordinates":[[[120.376809,22.622366],[120.376789,22.622366],[120.376505,22.622376],[120.37497,22.622392],[120.374924,22.622392],[120.374774,22.622389],[120.374752,22.62239],[120.374269,22.622401],[120.373849,22.622386],[120.373036,22.622323],[120.373021,22.622322],[120.370604,22.62217],[120.36903,22.622028],[120.36872,22.622],[120.366887,22.621862],[120.367398,22.622353],[120.368029,22.622943],[120.368062,22.622963],[120.368312,22.623118],[120.368485,22.623192],[120.369493,22.623625],[120.369805,22.623759],[120.36996,22.623826],[120.370973,22.624261],[120.37246,22.6249],[120.37373,22.625454],[120.373736,22.625443],[120.373808,22.625327],[120.373917,22.625138],[120.373978,22.625044],[120.37402,22.624992],[120.374079,22.624918],[120.374906,22.624223],[120.375792,22.623488],[120.376088,22.623273],[120.376196,22.623215],[120.37621,22.623208],[120.37637,22.623143],[120.376393,22.623134],[120.376501,22.623119],[120.37668,22.623138],[120.376802,22.623152],[120.376802,22.623136],[120.376803,22.622996],[120.376809,22.622366]]]}},{"type":"Feature","properties":{"name":"瑞興里","code":"64000120031","district":"鳳山區"},"geometry":{"type":"Polygon","coordinates":[[[120.368449,22.630987],[120.369666,22.630003],[120.370426,22.629317],[120.370269,22.629111],[120.370026,22.628794],[120.369993,22.628758],[120.369741,22.628482],[120.369722,22.628461],[120.369682,22.628362],[120.369594,22.628149],[120.369508,22.628047],[120.368969,22.627562],[120.368375,22.627022],[120.367362,22.626123],[120.367156,22.62594],[120.367037,22.625823],[120.366688,22.625479],[120.366562,22.625355],[120.366479,22.625241],[120.366196,22.624851],[120.36605,22.624651],[120.36589,22.624379],[120.365739,22.624178],[120.365726,22.62416],[120.365099,22.624507],[120.365103,22.624514],[120.365427,22.625064],[120.365595,22.625372],[120.365739,22.625711],[120.36579,22.625889],[120.365796,22.626068],[120.365769,22.62635],[120.365717,22.626535],[120.365572,22.626839],[120.365389,22.627224],[120.365366,22.627278],[120.365323,22.627425],[120.365314,22.627719],[120.365379,22.628075],[120.365575,22.628842],[120.365666,22.629129],[120.365902,22.62949],[120.366003,22.629645],[120.366033,22.629961],[120.366044,22.630878],[120.366054,22.630924],[120.366099,22.631141],[120.366108,22.631181],[120.36612,22.631237],[120.366289,22.631439],[120.366309,22.631444],[120.366436,22.63148],[120.366645,22.631467],[120.366955,22.631444],[120.367178,22.631433],[120.367482,22.631396],[120.367908,22.63126],[120.368205,22.631137],[120.368445,22.630989],[120.368449,22.630987]]]}},{"type":"Feature","properties":{"name":"天興里","code":"64000120032","district":"鳳山區"},"geometry":{"type":"Polygon","coordinates":[[[120.332618,22.593226],[120.332588,22.593205],[120.331377,22.592356],[120.331359,22.592339],[120.331152,22.592152],[120.330897,22.591963],[120.330122,22.591425],[120.329429,22.590964],[120.32929,22.590857],[120.329272,22.590843],[120.329251,22.590893],[120.328922,22.59167],[120.328714,22.592191],[120.32867,22.592306],[120.328286,22.593296],[120.328307,22.593311],[120.329063,22.593846],[120.329149,22.593906],[120.329182,22.593929],[120.329204,22.593945],[120.329333,22.594044],[120.32975,22.594363],[120.329907,22.594508],[120.330214,22.594789],[120.330902,22.595359],[120.330908,22.595351],[120.332123,22.593824],[120.332618,22.593226]]]}},{"type":"Feature","properties":{"name":"鳳東里","code":"64000120035","district":"鳳山區"},"geometry":{"type":"Polygon","coordinates":[[[120.386286,22.629029],[120.386369,22.628828],[120.386497,22.628528],[120.386647,22.628185],[120.386733,22.627981],[120.386811,22.627831],[120.386938,22.62759],[120.387155,22.627275],[120.387283,22.627088],[120.387386,22.626949],[120.387455,22.626844],[120.387521,22.626706],[120.387577,22.626539],[120.387596,22.626329],[120.387583,22.626264],[120.387567,22.62618],[120.387534,22.626118],[120.387472,22.626085],[120.387313,22.626029],[120.386861,22.625862],[120.386389,22.625699],[120.386286,22.62564],[120.386191,22.625591],[120.385985,22.625481],[120.385488,22.625211],[120.384974,22.624917],[120.384528,22.624684],[120.384472,22.624671],[120.384434,22.624663],[120.384282,22.624664],[120.384058,22.624632],[120.38379,22.624574],[120.383609,22.624529],[120.383347,22.624463],[120.383204,22.624415],[120.383045,22.624371],[120.382824,22.62432],[120.382667,22.624243],[120.382588,22.624205],[120.382415,22.624129],[120.382204,22.624051],[120.382114,22.624029],[120.381855,22.623961],[120.381573,22.623897],[120.381296,22.623843],[120.381249,22.623774],[120.381266,22.623658],[120.381274,22.623587],[120.381256,22.623476],[120.381201,22.623404],[120.381117,22.623305],[120.381029,22.623218],[120.380985,22.623156],[120.380932,22.62306],[120.380862,22.622981],[120.380851,22.622971],[120.380821,22.622944],[120.380711,22.622844],[120.380651,22.622821],[120.380185,22.623202],[120.380159,22.623224],[120.379867,22.623461],[120.379724,22.623579],[120.378954,22.624208],[120.378703,22.624381],[120.378049,22.624832],[120.377364,22.625161],[120.377,22.625336],[120.37666,22.625508],[120.376255,22.625714],[120.37557,22.626061],[120.375445,22.626149],[120.375447,22.62615],[120.378986,22.627684],[120.380434,22.628311],[120.381361,22.628714],[120.381832,22.628989],[120.382012,22.629108],[120.382579,22.629482],[120.382579,22.629482],[120.382589,22.629477],[120.382738,22.629397],[120.382909,22.629313],[120.383045,22.62926],[120.383128,22.629202],[120.383293,22.629073],[120.38346,22.628939],[120.383586,22.628835],[120.383709,22.628717],[120.383771,22.628673],[120.383908,22.628661],[120.384004,22.628695],[120.384192,22.62876],[120.384459,22.628847],[120.384783,22.62897],[120.385028,22.629073],[120.38524,22.629192],[120.385605,22.629396],[120.385838,22.629527],[120.385939,22.629564],[120.385997,22.629564],[120.386093,22.629516],[120.386144,22.629371],[120.386178,22.629291],[120.386286,22.629029]]]}},{"type":"Feature","properties":{"name":"新富里","code":"64000120036","district":"鳳山區"},"geometry":{"type":"Polygon","coordinates":[[[120.347589,22.614505],[120.347276,22.614113],[120.346901,22.613655],[120.34664,22.613343],[120.346572,22.613274],[120.346543,22.613245],[120.346363,22.613159],[120.34626,22.613148],[120.345779,22.613095],[120.345592,22.613074],[120.345583,22.613074],[120.34426,22.612963],[120.344258,22.612983],[120.344185,22.613881],[120.344095,22.61415],[120.343917,22.614535],[120.34373,22.614846],[120.343641,22.614952],[120.343578,22.615064],[120.343543,22.615215],[120.343515,22.615427],[120.343444,22.616186],[120.343346,22.617091],[120.343339,22.617115],[120.343419,22.617165],[120.344813,22.617318],[120.345634,22.617391],[120.345646,22.616308],[120.345649,22.616003],[120.345659,22.615895],[120.34566,22.615893],[120.3457,22.61582],[120.346589,22.61521],[120.347589,22.614505]]]}},{"type":"Feature","properties":{"name":"國隆里","code":"64000120038","district":"鳳山區"},"geometry":{"type":"Polygon","coordinates":[[[120.347578,22.619871],[120.347452,22.619733],[120.34739,22.619625],[120.347359,22.619252],[120.347317,22.618802],[120.347074,22.618799],[120.347069,22.618799],[120.347084,22.618029],[120.347084,22.618025],[120.347086,22.617917],[120.347094,22.617475],[120.347103,22.617027],[120.34715,22.616707],[120.347176,22.616639],[120.347211,22.616544],[120.347231,22.616497],[120.347293,22.616353],[120.347357,22.616249],[120.347486,22.616098],[120.347843,22.615829],[120.348314,22.615525],[120.348367,22.61549],[120.348365,22.615488],[120.348187,22.615234],[120.347767,22.614736],[120.347603,22.614522],[120.347589,22.614505],[120.346589,22.61521],[120.3457,22.61582],[120.34566,22.615893],[120.345659,22.615895],[120.345649,22.616003],[120.345646,22.616308],[120.345634,22.617391],[120.345634,22.617393],[120.345615,22.617883],[120.345609,22.618019],[120.345239,22.621426],[120.345171,22.621724],[120.345578,22.621263],[120.3462,22.620758],[120.346868,22.62032],[120.347489,22.619927],[120.347578,22.619871]]]}},{"type":"Feature","properties":{"name":"文德里","code":"64000120039","district":"鳳山區"},"geometry":{"type":"Polygon","coordinates":[[[120.354228,22.646347],[120.354031,22.64606],[120.354139,22.646002],[120.354296,22.645919],[120.354385,22.645859],[120.354417,22.645838],[120.354484,22.645732],[120.354522,22.645638],[120.354555,22.645554],[120.354598,22.645419],[120.35455,22.645373],[120.354217,22.645081],[120.35418,22.645035],[120.354182,22.645033],[120.354201,22.645015],[120.355017,22.644316],[120.355035,22.644285],[120.355048,22.644256],[120.355039,22.644125],[120.354978,22.643206],[120.354964,22.642984],[120.354943,22.642908],[120.354726,22.642114],[120.354679,22.641816],[120.354518,22.640155],[120.354518,22.640153],[120.354503,22.640157],[120.354494,22.640159],[120.35441,22.64018],[120.351575,22.640672],[120.351101,22.640723],[120.351005,22.640733],[120.350077,22.640936],[120.348862,22.641201],[120.346111,22.641809],[120.346015,22.64183],[120.345977,22.641839],[120.345958,22.641843],[120.345958,22.641843],[120.345947,22.641846],[120.345951,22.641856],[120.345957,22.641875],[120.346016,22.642055],[120.346119,22.642232],[120.346191,22.642377],[120.346513,22.64304],[120.346684,22.643381],[120.346899,22.643765],[120.347216,22.644326],[120.347564,22.644988],[120.347869,22.645528],[120.348171,22.646081],[120.348488,22.646624],[120.348223,22.646843],[120.347929,22.64707],[120.347627,22.647276],[120.347363,22.647218],[120.34724,22.647293],[120.347315,22.647365],[120.3475,22.647468],[120.34759,22.647531],[120.347821,22.64766],[120.347929,22.64771],[120.347999,22.647724],[120.348161,22.647777],[120.348442,22.647797],[120.348591,22.647809],[120.348684,22.64781],[120.348767,22.647794],[120.348895,22.647768],[120.349094,22.647758],[120.3493,22.64777],[120.34941,22.647773],[120.34955,22.647776],[120.349761,22.647809],[120.349917,22.647824],[120.350095,22.647827],[120.350231,22.647809],[120.350397,22.647774],[120.350538,22.647717],[120.350644,22.647659],[120.35071,22.647605],[120.350826,22.647501],[120.350878,22.647428],[120.350916,22.647354],[120.350954,22.6472],[120.351004,22.646906],[120.351019,22.646777],[120.351055,22.646742],[120.351173,22.646672],[120.351289,22.646643],[120.351404,22.646706],[120.351916,22.646992],[120.35219,22.64716],[120.352504,22.647318],[120.352544,22.647346],[120.352614,22.64736],[120.352677,22.647358],[120.35273,22.64734],[120.352798,22.6473],[120.353045,22.647134],[120.353302,22.646981],[120.353498,22.646879],[120.353581,22.646856],[120.353664,22.646835],[120.353734,22.6468],[120.353782,22.64677],[120.353871,22.646663],[120.353977,22.646522],[120.354028,22.646484],[120.354088,22.646447],[120.354212,22.646358],[120.354228,22.646347],[120.354228,22.646347],[120.354228,22.646347]]]}},{"type":"Feature","properties":{"name":"過埤里","code":"64000120040","district":"鳳山區"},"geometry":{"type":"Polygon","coordinates":[[[120.373737,22.606685],[120.373718,22.606684],[120.373718,22.606684],[120.373542,22.606674],[120.373368,22.606653],[120.373068,22.606604],[120.372968,22.606576],[120.372913,22.606539],[120.37286,22.606468],[120.372844,22.606311],[120.372832,22.606144],[120.372816,22.606024],[120.372808,22.605963],[120.372789,22.605841],[120.372777,22.605774],[120.372737,22.605678],[120.372674,22.605516],[120.372622,22.605427],[120.372518,22.605241],[120.372347,22.604998],[120.372255,22.604859],[120.372225,22.604773],[120.372224,22.604685],[120.372228,22.604459],[120.372172,22.60438],[120.372125,22.604327],[120.372077,22.604281],[120.371948,22.604158],[120.37185,22.60405],[120.371799,22.60398],[120.371743,22.603824],[120.371673,22.603618],[120.371615,22.603439],[120.3716,22.603337],[120.371579,22.603276],[120.371569,22.603252],[120.371546,22.603195],[120.371535,22.603168],[120.371486,22.603093],[120.37141,22.602994],[120.371323,22.602899],[120.371253,22.60283],[120.371186,22.602748],[120.371169,22.602692],[120.371138,22.602588],[120.37114,22.602504],[120.371134,22.602378],[120.371153,22.602241],[120.371182,22.602083],[120.371233,22.601851],[120.371272,22.601644],[120.371301,22.601513],[120.371321,22.601369],[120.371319,22.601171],[120.3713,22.601038],[120.371309,22.60095],[120.371332,22.600847],[120.371376,22.600722],[120.371407,22.600641],[120.37146,22.600555],[120.371546,22.600438],[120.371622,22.600343],[120.371682,22.600271],[120.371712,22.600195],[120.371782,22.600044],[120.371808,22.599958],[120.371807,22.59982],[120.371767,22.599783],[120.371688,22.599693],[120.371647,22.599652],[120.371584,22.59954],[120.371549,22.599434],[120.371496,22.599189],[120.371467,22.599068],[120.37147,22.59898],[120.371484,22.598855],[120.371529,22.598651],[120.371539,22.598481],[120.371546,22.598339],[120.371556,22.598216],[120.371572,22.598],[120.371554,22.597827],[120.371546,22.597755],[120.37152,22.597686],[120.371476,22.597634],[120.371386,22.597524],[120.371343,22.597488],[120.371188,22.597379],[120.371022,22.5973],[120.370915,22.597232],[120.370864,22.597163],[120.370792,22.597046],[120.370784,22.596972],[120.370772,22.596843],[120.370759,22.596662],[120.370764,22.596476],[120.370721,22.596291],[120.370691,22.596115],[120.370634,22.595933],[120.370571,22.595722],[120.370484,22.595607],[120.370331,22.59563],[120.370154,22.59567],[120.369959,22.5957],[120.369867,22.595671],[120.36981,22.595634],[120.369773,22.595604],[120.369703,22.595525],[120.369639,22.595468],[120.369593,22.5954],[120.36948,22.595232],[120.369315,22.594937],[120.369236,22.594801],[120.369196,22.594732],[120.36913,22.594642],[120.368915,22.594458],[120.368827,22.594405],[120.368679,22.594274],[120.368631,22.594211],[120.368548,22.594079],[120.368495,22.593976],[120.368445,22.593826],[120.368414,22.593723],[120.368407,22.593657],[120.368407,22.593599],[120.368422,22.593509],[120.368432,22.59344],[120.368469,22.59337],[120.368508,22.593299],[120.368552,22.593227],[120.368671,22.5931],[120.368706,22.593068],[120.368829,22.59293],[120.368989,22.592777],[120.369067,22.592666],[120.369097,22.592602],[120.369118,22.592547],[120.369142,22.592435],[120.369185,22.592286],[120.369213,22.592199],[120.369256,22.59211],[120.369339,22.591995],[120.369534,22.591793],[120.369642,22.591706],[120.36976,22.591561],[120.369937,22.591353],[120.370088,22.59119],[120.370166,22.591085],[120.370238,22.590976],[120.370254,22.590903],[120.370267,22.590806],[120.370261,22.590651],[120.370233,22.590557],[120.370195,22.590445],[120.37013,22.590332],[120.370068,22.590288],[120.369989,22.590243],[120.369814,22.590178],[120.369685,22.590114],[120.369614,22.590033],[120.369539,22.589939],[120.369496,22.589861],[120.369434,22.5897],[120.369371,22.589569],[120.369249,22.589381],[120.369178,22.589221],[120.369119,22.589071],[120.369085,22.588965],[120.36908,22.588917],[120.369073,22.588859],[120.369062,22.588754],[120.369062,22.588749],[120.369058,22.588539],[120.369084,22.588429],[120.369137,22.588387],[120.369192,22.58838],[120.369262,22.588393],[120.369356,22.588411],[120.369429,22.588411],[120.369538,22.588385],[120.369649,22.588354],[120.369778,22.58829],[120.36984,22.588243],[120.369979,22.58816],[120.370041,22.588128],[120.370154,22.588016],[120.370211,22.587924],[120.370238,22.587855],[120.370225,22.587816],[120.370144,22.587664],[120.370026,22.587531],[120.369787,22.587259],[120.369707,22.587092],[120.369641,22.586967],[120.369207,22.586864],[120.368987,22.586823],[120.368779,22.586811],[120.368465,22.586817],[120.368258,22.586879],[120.368065,22.586913],[120.367773,22.586879],[120.367672,22.586879],[120.367425,22.586895],[120.367361,22.586907],[120.367244,22.586886],[120.366939,22.586799],[120.366647,22.586683],[120.366245,22.586557],[120.365979,22.586529],[120.365741,22.586516],[120.365551,22.586525],[120.365478,22.586528],[120.365331,22.586535],[120.364971,22.586557],[120.364751,22.586572],[120.364596,22.586538],[120.36453,22.586405],[120.36444,22.586232],[120.364329,22.586054],[120.364254,22.586041],[120.363946,22.586061],[120.363864,22.585992],[120.36367,22.585636],[120.363572,22.585444],[120.363502,22.585297],[120.363448,22.585191],[120.36331,22.585078],[120.363138,22.585047],[120.36283,22.585048],[120.362702,22.585064],[120.36264,22.585072],[120.362243,22.585124],[120.361996,22.585078],[120.361514,22.58497],[120.361261,22.584908],[120.360914,22.584847],[120.360711,22.584811],[120.36051,22.584793],[120.359853,22.584855],[120.35928,22.584893],[120.358773,22.584918],[120.358755,22.584919],[120.358621,22.584926],[120.357992,22.584951],[120.357436,22.584975],[120.356888,22.584996],[120.356322,22.584996],[120.355977,22.584993],[120.355611,22.58498],[120.355324,22.584959],[120.354956,22.584944],[120.354806,22.584944],[120.354604,22.584952],[120.354369,22.585013],[120.353807,22.585137],[120.35323,22.585229],[120.352807,22.585298],[120.352427,22.585355],[120.352138,22.585388],[120.351686,22.585396],[120.351302,22.585407],[120.351008,22.585437],[120.350462,22.585493],[120.350301,22.585496],[120.350297,22.585497],[120.349997,22.585504],[120.350309,22.585755],[120.35031,22.58576],[120.350478,22.586049],[120.350759,22.586425],[120.350998,22.586758],[120.351508,22.587724],[120.351621,22.587899],[120.351748,22.588105],[120.351837,22.588335],[120.351905,22.588516],[120.352417,22.589374],[120.35256,22.589675],[120.352704,22.590005],[120.352816,22.59024],[120.353068,22.590686],[120.35309,22.590898],[120.353297,22.591285],[120.35364,22.591801],[120.35378,22.592104],[120.354108,22.592909],[120.354321,22.593423],[120.354572,22.593954],[120.354965,22.59508],[120.355071,22.595311],[120.355264,22.595632],[120.355352,22.595908],[120.35544,22.596173],[120.355422,22.596635],[120.355339,22.597105],[120.355331,22.597152],[120.35525,22.59768],[120.355206,22.597988],[120.355196,22.598054],[120.355154,22.598352],[120.355058,22.59893],[120.354842,22.600239],[120.354779,22.600723],[120.35474,22.601025],[120.354659,22.60165],[120.354596,22.602132],[120.354509,22.602536],[120.354426,22.602924],[120.35433,22.604361],[120.354363,22.60479],[120.354488,22.605087],[120.354673,22.605478],[120.354797,22.605666],[120.354906,22.605748],[120.35501,22.605814],[120.355457,22.60612],[120.355956,22.606501],[120.356268,22.606875],[120.356279,22.606897],[120.356384,22.60709],[120.356766,22.607118],[120.358442,22.607238],[120.362526,22.60753],[120.362762,22.607547],[120.362783,22.607654],[120.362827,22.607875],[120.362779,22.609234],[120.362669,22.612979],[120.362963,22.61305],[120.364669,22.613384],[120.36557,22.613537],[120.366068,22.61369],[120.367276,22.613859],[120.367791,22.613965],[120.368096,22.614131],[120.368691,22.614253],[120.368852,22.614358],[120.36941,22.614554],[120.369422,22.614552],[120.369744,22.614007],[120.369998,22.613586],[120.370521,22.613152],[120.371417,22.612264],[120.37221,22.611533],[120.372971,22.610601],[120.373412,22.609711],[120.37365,22.60915],[120.373788,22.60848],[120.37386,22.607483],[120.373726,22.606732],[120.373721,22.606701],[120.373718,22.606685],[120.373737,22.606685]]]}},{"type":"Feature","properties":{"name":"曹公里","code":"64000120041","district":"鳳山區"},"geometry":{"type":"Polygon","coordinates":[[[120.360612,22.63103],[120.360611,22.631017],[120.360569,22.630655],[120.360581,22.63045],[120.360586,22.630366],[120.360755,22.63036],[120.360811,22.630356],[120.360868,22.630342],[120.361679,22.630097],[120.36208,22.629997],[120.362221,22.629946],[120.362347,22.629883],[120.362379,22.629843],[120.362399,22.629807],[120.362416,22.629599],[120.362451,22.629567],[120.362598,22.629505],[120.362708,22.629458],[120.362708,22.629457],[120.362647,22.629198],[120.362565,22.628852],[120.362546,22.628706],[120.362542,22.628674],[120.361998,22.628743],[120.361521,22.628803],[120.360659,22.628891],[120.36063,22.628894],[120.360622,22.628895],[120.35962,22.629004],[120.359572,22.629009],[120.359285,22.629013],[120.358878,22.629018],[120.357726,22.628991],[120.357139,22.628968],[120.356313,22.628996],[120.356311,22.629026],[120.356265,22.629865],[120.356217,22.630073],[120.356206,22.630172],[120.356195,22.63024],[120.356156,22.630443],[120.356129,22.63066],[120.356133,22.630797],[120.356141,22.630842],[120.35632,22.630843],[120.356297,22.631328],[120.35631,22.631751],[120.35653,22.631711],[120.3571,22.631618],[120.357904,22.631464],[120.358664,22.631334],[120.359301,22.631223],[120.359976,22.631113],[120.360081,22.631099],[120.360612,22.63103]]]}},{"type":"Feature","properties":{"name":"和興里","code":"64000120046","district":"鳳山區"},"geometry":{"type":"Polygon","coordinates":[[[120.35993,22.621725],[120.359899,22.621674],[120.359815,22.621531],[120.359604,22.62116],[120.359574,22.621128],[120.359554,22.621134],[120.359517,22.621146],[120.359397,22.62122],[120.358855,22.621547],[120.358761,22.621608],[120.358697,22.621662],[120.358671,22.621686],[120.358653,22.621695],[120.358631,22.621695],[120.358588,22.621679],[120.358466,22.621634],[120.358285,22.621567],[120.357964,22.621313],[120.358362,22.621044],[120.358572,22.620903],[120.358753,22.620806],[120.359498,22.620541],[120.359903,22.620418],[120.360024,22.620382],[120.36003,22.62038],[120.359903,22.620204],[120.359438,22.619554],[120.358861,22.618951],[120.358713,22.618819],[120.358588,22.618654],[120.358156,22.618113],[120.358136,22.618083],[120.358161,22.618065],[120.358189,22.618045],[120.358641,22.617771],[120.359238,22.617385],[120.359558,22.617172],[120.359764,22.617002],[120.359723,22.616974],[120.359234,22.616649],[120.358913,22.616445],[120.358374,22.616233],[120.357124,22.615663],[120.356706,22.615452],[120.356524,22.615338],[120.356334,22.615175],[120.356092,22.614851],[120.355979,22.614672],[120.355951,22.614351],[120.356019,22.613582],[120.356021,22.613225],[120.356109,22.612943],[120.356366,22.612023],[120.356524,22.611748],[120.356987,22.611314],[120.357003,22.611292],[120.357092,22.611161],[120.357252,22.610491],[120.357281,22.610185],[120.357289,22.610103],[120.355922,22.610124],[120.355876,22.610125],[120.355101,22.610131],[120.35259,22.61008],[120.352339,22.610047],[120.352321,22.61007],[120.352245,22.610166],[120.352234,22.61018],[120.351456,22.611073],[120.3506,22.612038],[120.350465,22.612218],[120.35056,22.612305],[120.350902,22.61262],[120.351702,22.613752],[120.353365,22.616009],[120.353486,22.616175],[120.353621,22.61636],[120.35412,22.617044],[120.354247,22.617219],[120.354338,22.617347],[120.354514,22.617594],[120.354731,22.617924],[120.354736,22.617932],[120.354842,22.618092],[120.356007,22.619729],[120.356417,22.620273],[120.357148,22.621172],[120.357334,22.621381],[120.357565,22.621553],[120.357804,22.621647],[120.358331,22.621942],[120.35863,22.622165],[120.358751,22.622278],[120.35881,22.622333],[120.359079,22.622194],[120.35993,22.621725]]]}},{"type":"Feature","properties":{"name":"協和里","code":"64000120047","district":"鳳山區"},"geometry":{"type":"Polygon","coordinates":[[[120.351951,22.619122],[120.351845,22.619178],[120.351338,22.619485],[120.350589,22.619922],[120.350525,22.619949],[120.350514,22.619953],[120.349563,22.62004],[120.349521,22.620024],[120.349502,22.620017],[120.349501,22.620012],[120.349492,22.619967],[120.349524,22.619069],[120.349525,22.619026],[120.349554,22.618663],[120.349517,22.618685],[120.349135,22.618919],[120.347578,22.619871],[120.347489,22.619927],[120.346868,22.62032],[120.3462,22.620758],[120.345578,22.621263],[120.345171,22.621724],[120.345153,22.621754],[120.344862,22.622224],[120.344649,22.622575],[120.344541,22.62283],[120.344432,22.623162],[120.344388,22.623496],[120.344381,22.623547],[120.344337,22.623991],[120.344312,22.624244],[120.344307,22.624292],[120.344306,22.624306],[120.344267,22.624825],[120.344258,22.624868],[120.344344,22.624882],[120.344756,22.624948],[120.344756,22.624949],[120.345346,22.62496],[120.345432,22.624971],[120.345727,22.625007],[120.347985,22.625282],[120.349231,22.625434],[120.35247,22.625854],[120.353509,22.62591],[120.353192,22.624382],[120.352946,22.623192],[120.352909,22.623044],[120.352576,22.621718],[120.352508,22.621465],[120.351953,22.619131],[120.351951,22.619122]]]}},{"type":"Feature","properties":{"name":"文山里","code":"64000120048","district":"鳳山區"},"geometry":{"type":"Polygon","coordinates":[[[120.364663,22.64419],[120.363975,22.641869],[120.363687,22.640915],[120.36299,22.638605],[120.362976,22.638603],[120.362953,22.6386],[120.361122,22.638433],[120.359823,22.638331],[120.359765,22.638326],[120.35912,22.638276],[120.357819,22.638245],[120.357414,22.638273],[120.357181,22.638293],[120.357036,22.638319],[120.357024,22.638321],[120.356483,22.638405],[120.356154,22.638478],[120.355932,22.638527],[120.355628,22.638593],[120.355563,22.638613],[120.354744,22.638861],[120.354689,22.638915],[120.354665,22.639025],[120.354614,22.63937],[120.354543,22.639977],[120.354518,22.640153],[120.354518,22.640155],[120.354679,22.641816],[120.354726,22.642114],[120.354943,22.642908],[120.354964,22.642984],[120.354978,22.643206],[120.355039,22.644125],[120.355048,22.644256],[120.355035,22.644285],[120.355017,22.644316],[120.354201,22.645015],[120.354182,22.645033],[120.35418,22.645035],[120.354217,22.645081],[120.35455,22.645373],[120.354598,22.645419],[120.354555,22.645554],[120.354522,22.645638],[120.354484,22.645732],[120.354417,22.645838],[120.354385,22.645859],[120.354296,22.645919],[120.354139,22.646002],[120.354031,22.64606],[120.354228,22.646347],[120.354378,22.646241],[120.354637,22.646055],[120.354786,22.645938],[120.354877,22.645808],[120.354966,22.645715],[120.35514,22.645513],[120.3553,22.645338],[120.35545,22.645167],[120.355578,22.645029],[120.35563,22.644966],[120.355748,22.64481],[120.355831,22.644659],[120.355923,22.644497],[120.356008,22.64438],[120.356109,22.644225],[120.356166,22.64416],[120.356241,22.644097],[120.356292,22.644052],[120.356382,22.643985],[120.356531,22.643873],[120.356589,22.643835],[120.356765,22.643741],[120.356805,22.643711],[120.356794,22.643528],[120.356767,22.643329],[120.356812,22.643267],[120.356964,22.643031],[120.357084,22.642839],[120.357224,22.64262],[120.357348,22.642454],[120.35741,22.642369],[120.357453,22.642328],[120.35753,22.642271],[120.357615,22.642234],[120.357749,22.642146],[120.358045,22.641955],[120.358134,22.642063],[120.358246,22.642236],[120.358272,22.642281],[120.358272,22.642371],[120.35831,22.642782],[120.358316,22.642929],[120.358361,22.643124],[120.358407,22.643346],[120.358413,22.643456],[120.358441,22.643632],[120.358464,22.643759],[120.358495,22.643904],[120.358515,22.643971],[120.358548,22.644156],[120.358564,22.644202],[120.358588,22.64433],[120.358609,22.644466],[120.358616,22.6446],[120.358609,22.644817],[120.35862,22.644879],[120.358641,22.644997],[120.358663,22.64515],[120.358684,22.645222],[120.358716,22.645419],[120.358763,22.645546],[120.358818,22.645635],[120.358863,22.645693],[120.358919,22.645753],[120.35898,22.645801],[120.359007,22.645862],[120.359008,22.645948],[120.359011,22.646009],[120.358982,22.646073],[120.35894,22.646155],[120.358892,22.646236],[120.358854,22.646298],[120.35881,22.64633],[120.358722,22.646372],[120.3587,22.646415],[120.358661,22.646508],[120.358611,22.646661],[120.358564,22.646738],[120.358484,22.646859],[120.358424,22.64693],[120.358382,22.646974],[120.358371,22.647058],[120.35842,22.647102],[120.358508,22.647125],[120.358574,22.647119],[120.358618,22.647091],[120.358701,22.647059],[120.358768,22.647059],[120.358827,22.647074],[120.358861,22.647121],[120.358884,22.647183],[120.358943,22.647311],[120.358963,22.647358],[120.358995,22.647404],[120.359039,22.647473],[120.359107,22.647519],[120.359219,22.647529],[120.359376,22.647553],[120.35964,22.647573],[120.359761,22.64758],[120.359838,22.647554],[120.359897,22.647487],[120.359914,22.64738],[120.359959,22.647233],[120.36041,22.647059],[120.360747,22.64693],[120.361052,22.646796],[120.361287,22.646692],[120.361399,22.646634],[120.361573,22.646533],[120.361745,22.646463],[120.361869,22.646433],[120.361923,22.646433],[120.361985,22.646464],[120.362052,22.64649],[120.362123,22.64655],[120.362192,22.646615],[120.362317,22.646659],[120.362419,22.646572],[120.362436,22.646528],[120.362421,22.646442],[120.362392,22.646274],[120.362356,22.646095],[120.362316,22.645885],[120.362332,22.645713],[120.362442,22.645662],[120.362592,22.645599],[120.362706,22.645541],[120.362841,22.645452],[120.363093,22.645294],[120.363253,22.645194],[120.363413,22.645095],[120.363602,22.644972],[120.363692,22.644907],[120.363771,22.644859],[120.363879,22.644778],[120.363975,22.6447],[120.364048,22.64462],[120.364089,22.644561],[120.364158,22.644454],[120.364207,22.644375],[120.364265,22.644334],[120.364424,22.644275],[120.364663,22.64419],[120.364663,22.64419]]]}},{"type":"Feature","properties":{"name":"誠德里","code":"64000120050","district":"鳳山區"},"geometry":{"type":"Polygon","coordinates":[[[120.380159,22.623224],[120.380185,22.623202],[120.380651,22.622821],[120.38058,22.622793],[120.380494,22.622762],[120.380378,22.622746],[120.380214,22.622747],[120.380038,22.622762],[120.379926,22.622788],[120.379808,22.622817],[120.379715,22.622824],[120.379551,22.62283],[120.379381,22.62282],[120.379244,22.6228],[120.379066,22.622759],[120.378888,22.62274],[120.378661,22.622711],[120.378416,22.622666],[120.378321,22.622625],[120.378247,22.622568],[120.378172,22.62244],[120.378161,22.622374],[120.378163,22.622349],[120.376809,22.622366],[120.376803,22.622996],[120.376802,22.623136],[120.376802,22.623152],[120.37668,22.623138],[120.376501,22.623119],[120.376393,22.623134],[120.37637,22.623143],[120.37621,22.623208],[120.376196,22.623215],[120.376088,22.623273],[120.375792,22.623488],[120.374906,22.624223],[120.374079,22.624918],[120.37402,22.624992],[120.373978,22.625044],[120.373917,22.625138],[120.373808,22.625327],[120.373736,22.625443],[120.37373,22.625454],[120.374314,22.62569],[120.375445,22.626149],[120.37557,22.626061],[120.376255,22.625714],[120.37666,22.625508],[120.377,22.625336],[120.377364,22.625161],[120.378049,22.624832],[120.378703,22.624381],[120.378954,22.624208],[120.379724,22.623579],[120.379867,22.623461],[120.380159,22.623224]]]}},{"type":"Feature","properties":{"name":"三民里","code":"64000120051","district":"鳳山區"},"geometry":{"type":"Polygon","coordinates":[[[120.365572,22.626839],[120.365717,22.626535],[120.365769,22.62635],[120.365796,22.626068],[120.36579,22.625889],[120.365739,22.625711],[120.365595,22.625372],[120.365427,22.625064],[120.365103,22.624514],[120.365099,22.624507],[120.364315,22.62319],[120.363708,22.62223],[120.363601,22.621982],[120.363443,22.621645],[120.363275,22.621262],[120.362851,22.620615],[120.362599,22.620713],[120.362057,22.6209],[120.362022,22.620912],[120.362335,22.621847],[120.362342,22.621868],[120.362248,22.622037],[120.361953,22.622494],[120.361678,22.622732],[120.360742,22.623162],[120.360592,22.623245],[120.360072,22.623625],[120.360556,22.624143],[120.360585,22.624174],[120.360589,22.624178],[120.360768,22.624018],[120.361004,22.623848],[120.361139,22.623751],[120.361607,22.623505],[120.361775,22.623417],[120.361838,22.623384],[120.361852,22.623377],[120.362048,22.623899],[120.361625,22.624082],[120.361583,22.624093],[120.361571,22.624122],[120.361565,22.624136],[120.36181,22.624711],[120.361936,22.625005],[120.361705,22.625153],[120.361649,22.625216],[120.361628,22.625241],[120.361794,22.625456],[120.361915,22.625477],[120.361925,22.625479],[120.362206,22.62541],[120.362374,22.6261],[120.362397,22.626196],[120.362424,22.626239],[120.362486,22.626265],[120.362812,22.626192],[120.362886,22.626176],[120.362927,22.626167],[120.363629,22.626012],[120.363817,22.626981],[120.365572,22.626839]]]}},{"type":"Feature","properties":{"name":"福祥里","code":"64000120077","district":"鳳山區"},"geometry":{"type":"Polygon","coordinates":[[[120.327645,22.595241],[120.327814,22.594788],[120.327883,22.594603],[120.327987,22.594265],[120.328283,22.593306],[120.328286,22.593296],[120.328031,22.593127],[120.327688,22.5929],[120.326734,22.592223],[120.326165,22.591769],[120.324583,22.590401],[120.324157,22.590043],[120.324091,22.589982],[120.323141,22.589097],[120.323122,22.58908],[120.32307,22.589121],[120.322999,22.589178],[120.322847,22.589297],[120.322515,22.589466],[120.322382,22.589569],[120.322234,22.589676],[120.322038,22.589824],[120.321946,22.589941],[120.321846,22.5901],[120.321771,22.590252],[120.321769,22.590322],[120.321796,22.59034],[120.323432,22.591417],[120.32542,22.592735],[120.325748,22.592951],[120.325756,22.592959],[120.325765,22.592969],[120.325759,22.593005],[120.325538,22.593191],[120.325433,22.593265],[120.325838,22.593519],[120.325993,22.593616],[120.326412,22.593827],[120.32637,22.593922],[120.326169,22.594384],[120.326082,22.594707],[120.326049,22.594828],[120.325939,22.59516],[120.325795,22.595592],[120.325823,22.595612],[120.32648,22.596085],[120.326767,22.596292],[120.327228,22.596594],[120.327248,22.596608],[120.327444,22.595935],[120.327645,22.595241]]]}},{"type":"Feature","properties":{"name":"五福里","code":"64000120043","district":"鳳山區"},"geometry":{"type":"Polygon","coordinates":[[[120.324091,22.589982],[120.324157,22.590043],[120.324583,22.590401],[120.326165,22.591769],[120.326734,22.592223],[120.327688,22.5929],[120.328031,22.593127],[120.328286,22.593296],[120.32867,22.592306],[120.328714,22.592191],[120.328922,22.59167],[120.329251,22.590893],[120.329272,22.590843],[120.328536,22.590364],[120.327951,22.589971],[120.327816,22.589871],[120.327465,22.589637],[120.327175,22.589489],[120.326704,22.589173],[120.326544,22.589065],[120.32571,22.588505],[120.325424,22.588301],[120.323935,22.587238],[120.323917,22.587225],[120.323897,22.587261],[120.323824,22.587396],[120.323747,22.587626],[120.323719,22.58771],[120.323636,22.587903],[120.32361,22.587992],[120.323585,22.588077],[120.323548,22.588202],[120.323494,22.588395],[120.323432,22.588573],[120.32336,22.588759],[120.323248,22.588943],[120.323153,22.589055],[120.323122,22.58908],[120.323141,22.589097],[120.324091,22.589982]]]}},{"type":"Feature","properties":{"name":"福興里","code":"64000120029","district":"鳳山區"},"geometry":{"type":"Polygon","coordinates":[[[120.325424,22.588301],[120.32571,22.588505],[120.326544,22.589065],[120.326704,22.589173],[120.327175,22.589489],[120.327465,22.589637],[120.327816,22.589871],[120.327951,22.589971],[120.328536,22.590364],[120.329272,22.590843],[120.329595,22.590043],[120.330575,22.587898],[120.330763,22.587485],[120.330981,22.58701],[120.331238,22.586575],[120.331403,22.586296],[120.331493,22.586161],[120.331541,22.586089],[120.331557,22.586064],[120.331543,22.586057],[120.331407,22.585983],[120.331229,22.585917],[120.331146,22.585944],[120.330979,22.585982],[120.330827,22.586022],[120.330704,22.58607],[120.330664,22.586123],[120.330591,22.586242],[120.330508,22.586375],[120.330374,22.586502],[120.330157,22.586579],[120.329966,22.586644],[120.329778,22.586632],[120.329645,22.586637],[120.329507,22.586617],[120.329369,22.586566],[120.329198,22.586499],[120.32905,22.586377],[120.328627,22.586043],[120.328304,22.585806],[120.328029,22.585584],[120.327901,22.585537],[120.3278,22.5855],[120.327504,22.585528],[120.327327,22.585582],[120.32713,22.585643],[120.326973,22.585676],[120.326821,22.585714],[120.326643,22.585718],[120.326511,22.585665],[120.326308,22.585469],[120.326086,22.585254],[120.325922,22.585131],[120.325813,22.585085],[120.325731,22.585063],[120.325656,22.585066],[120.325414,22.585089],[120.325219,22.585102],[120.325073,22.585097],[120.325015,22.585072],[120.3246,22.58498],[120.324472,22.584981],[120.324286,22.584986],[120.324081,22.584976],[120.32395,22.58505],[120.323715,22.585145],[120.323596,22.585193],[120.32351,22.585262],[120.323365,22.585404],[120.323286,22.585514],[120.323179,22.585649],[120.323078,22.585802],[120.322936,22.586058],[120.322933,22.58615],[120.323006,22.586219],[120.323079,22.586225],[120.323284,22.586236],[120.32366,22.586137],[120.324006,22.58606],[120.324366,22.585979],[120.324566,22.585993],[120.324623,22.586009],[120.324665,22.58604],[120.324694,22.586161],[120.324671,22.586184],[120.324509,22.586393],[120.32439,22.586546],[120.324292,22.586673],[120.324141,22.586884],[120.324007,22.587039],[120.323919,22.587221],[120.323917,22.587225],[120.323935,22.587238],[120.325424,22.588301]]]}},{"type":"Feature","properties":{"name":"大德里","code":"64000120057","district":"鳳山區"},"geometry":{"type":"Polygon","coordinates":[[[120.334858,22.590331],[120.334795,22.590274],[120.334605,22.590116],[120.334366,22.589848],[120.334249,22.589713],[120.334167,22.589608],[120.334133,22.589548],[120.334107,22.589403],[120.334114,22.589316],[120.334149,22.589188],[120.334199,22.589112],[120.334257,22.589048],[120.334354,22.588964],[120.334403,22.588838],[120.334487,22.588668],[120.334532,22.588553],[120.334555,22.588405],[120.334549,22.58826],[120.334526,22.588027],[120.334529,22.587943],[120.334548,22.587857],[120.334582,22.587799],[120.334663,22.587621],[120.334668,22.587568],[120.334658,22.587381],[120.334647,22.587265],[120.33462,22.587157],[120.33455,22.58694],[120.334505,22.586796],[120.334428,22.586635],[120.334357,22.586496],[120.334293,22.586374],[120.334182,22.586265],[120.334081,22.5862],[120.333968,22.586177],[120.333708,22.586177],[120.333481,22.5862],[120.332976,22.586259],[120.33283,22.586277],[120.332501,22.586325],[120.332371,22.586327],[120.332197,22.58633],[120.332107,22.586306],[120.331927,22.586255],[120.33181,22.586215],[120.33161,22.586093],[120.331557,22.586064],[120.331541,22.586089],[120.331493,22.586161],[120.331403,22.586296],[120.331238,22.586575],[120.330981,22.58701],[120.330763,22.587485],[120.330575,22.587898],[120.329595,22.590043],[120.329272,22.590843],[120.32929,22.590857],[120.329429,22.590964],[120.330122,22.591425],[120.330897,22.591963],[120.331152,22.592152],[120.331359,22.592339],[120.331377,22.592356],[120.332588,22.593205],[120.332618,22.593226],[120.332622,22.593219],[120.333615,22.591909],[120.333968,22.591443],[120.334858,22.590331]]]}},{"type":"Feature","properties":{"name":"北門里","code":"64000120053","district":"鳳山區"},"geometry":{"type":"Polygon","coordinates":[[[120.373113,22.635367],[120.371862,22.634697],[120.371856,22.634694],[120.371199,22.634384],[120.37074,22.634215],[120.370612,22.63419],[120.37055,22.634177],[120.370223,22.634112],[120.369886,22.634124],[120.369459,22.633844],[120.369104,22.633671],[120.368735,22.633498],[120.368102,22.633338],[120.367887,22.633195],[120.367302,22.632662],[120.366919,22.6321],[120.366581,22.631641],[120.36633,22.631467],[120.366289,22.631439],[120.36612,22.631237],[120.366108,22.631181],[120.366099,22.631141],[120.366054,22.630924],[120.366044,22.630878],[120.366033,22.629961],[120.366003,22.629645],[120.365902,22.62949],[120.365735,22.629512],[120.365577,22.629534],[120.365319,22.629561],[120.365108,22.629537],[120.365013,22.629501],[120.364867,22.629475],[120.364773,22.629457],[120.36465,22.629414],[120.364601,22.629386],[120.364391,22.629286],[120.364205,22.629186],[120.364013,22.629088],[120.363947,22.629063],[120.363856,22.629049],[120.363749,22.629065],[120.363492,22.629154],[120.362708,22.629458],[120.362598,22.629505],[120.362451,22.629567],[120.362416,22.629599],[120.362399,22.629807],[120.362379,22.629843],[120.362347,22.629883],[120.362221,22.629946],[120.36208,22.629997],[120.361679,22.630097],[120.360868,22.630342],[120.360811,22.630356],[120.360755,22.63036],[120.360586,22.630366],[120.360581,22.63045],[120.360569,22.630655],[120.360611,22.631017],[120.360612,22.63103],[120.361647,22.634269],[120.362026,22.635456],[120.367027,22.634596],[120.367161,22.634571],[120.367261,22.634578],[120.36733,22.634615],[120.368536,22.635255],[120.370532,22.636314],[120.370545,22.636322],[120.37063,22.636371],[120.370997,22.636546],[120.371354,22.636717],[120.372333,22.637233],[120.37444,22.638368],[120.37527,22.638823],[120.375404,22.638901],[120.375987,22.639239],[120.376919,22.639629],[120.376933,22.6396],[120.37706,22.639338],[120.377118,22.639208],[120.377385,22.63866],[120.377487,22.638454],[120.377628,22.638139],[120.377628,22.638139],[120.377658,22.638072],[120.377728,22.637906],[120.377759,22.637826],[120.377805,22.637707],[120.377831,22.637589],[120.377913,22.637197],[120.377937,22.637033],[120.377973,22.636788],[120.377995,22.636479],[120.378018,22.636407],[120.378063,22.636358],[120.378156,22.636303],[120.378303,22.63622],[120.378346,22.636178],[120.378433,22.636096],[120.378468,22.636052],[120.378191,22.636024],[120.376606,22.635866],[120.373438,22.63547],[120.373113,22.635367]]]}},{"type":"Feature","properties":{"name":"富甲里","code":"64000120054","district":"鳳山區"},"geometry":{"type":"Polygon","coordinates":[[[120.336519,22.598518],[120.336509,22.598511],[120.33489,22.597346],[120.334608,22.597616],[120.334285,22.597827],[120.333576,22.5981],[120.333397,22.598169],[120.33222,22.598672],[120.332256,22.598697],[120.33319,22.599339],[120.334196,22.600073],[120.334626,22.600376],[120.334886,22.600559],[120.33489,22.600554],[120.336519,22.598518]]]}},{"type":"Feature","properties":{"name":"武松里","code":"64000120058","district":"鳳山區"},"geometry":{"type":"Polygon","coordinates":[[[120.364184,22.641037],[120.364209,22.64093],[120.364327,22.640421],[120.364506,22.639884],[120.364603,22.639393],[120.364583,22.639013],[120.364569,22.638921],[120.364561,22.638868],[120.364489,22.638401],[120.364319,22.637596],[120.364316,22.637578],[120.368103,22.636957],[120.368241,22.636976],[120.36857,22.637101],[120.369513,22.637655],[120.369592,22.637701],[120.369615,22.637715],[120.36962,22.637714],[120.369655,22.637708],[120.369682,22.637679],[120.370532,22.636314],[120.368536,22.635255],[120.36733,22.634615],[120.367261,22.634578],[120.367161,22.634571],[120.367027,22.634596],[120.362026,22.635456],[120.362037,22.635492],[120.362976,22.638603],[120.36299,22.638605],[120.363687,22.640915],[120.363975,22.641869],[120.363979,22.641854],[120.364039,22.641643],[120.364184,22.641037]]]}},{"type":"Feature","properties":{"name":"文衡里","code":"64000120059","district":"鳳山區"},"geometry":{"type":"Polygon","coordinates":[[[120.351005,22.640733],[120.351101,22.640723],[120.351575,22.640672],[120.35441,22.64018],[120.354494,22.640159],[120.354503,22.640157],[120.354518,22.640153],[120.354543,22.639977],[120.354614,22.63937],[120.354665,22.639025],[120.354689,22.638915],[120.354744,22.638861],[120.355563,22.638613],[120.355628,22.638593],[120.355932,22.638527],[120.356154,22.638478],[120.356154,22.638477],[120.356116,22.638399],[120.356155,22.638278],[120.356223,22.638063],[120.35606,22.638058],[120.355483,22.638042],[120.355474,22.638007],[120.355439,22.637872],[120.355262,22.637892],[120.355225,22.637725],[120.354562,22.637835],[120.354331,22.637868],[120.354239,22.637881],[120.354074,22.637824],[120.353886,22.637796],[120.353406,22.637654],[120.352941,22.637436],[120.352746,22.637274],[120.352587,22.637143],[120.352576,22.637134],[120.352538,22.63714],[120.352468,22.637152],[120.351673,22.637288],[120.349845,22.637624],[120.349353,22.637714],[120.349124,22.637756],[120.348921,22.637771],[120.348544,22.637799],[120.347079,22.637628],[120.345443,22.637251],[120.345428,22.637248],[120.34552,22.637297],[120.345859,22.637469],[120.346249,22.637614],[120.346444,22.637696],[120.34673,22.637816],[120.347119,22.637931],[120.34748,22.63804],[120.347659,22.638129],[120.348016,22.638297],[120.348415,22.638386],[120.348778,22.638479],[120.349524,22.638655],[120.35008,22.638805],[120.350151,22.63883],[120.350212,22.638962],[120.350126,22.639156],[120.350036,22.639252],[120.349799,22.639527],[120.349644,22.639727],[120.349551,22.639794],[120.349358,22.639781],[120.349269,22.63993],[120.349098,22.640068],[120.348938,22.640145],[120.348575,22.6403],[120.348218,22.64049],[120.347883,22.640665],[120.347375,22.640923],[120.346726,22.641265],[120.345896,22.641687],[120.345947,22.641846],[120.345958,22.641843],[120.345958,22.641843],[120.345977,22.641839],[120.346015,22.64183],[120.346111,22.641809],[120.348862,22.641201],[120.350077,22.640936],[120.351005,22.640733]]]}},{"type":"Feature","properties":{"name":"誠信里","code":"64000120061","district":"鳳山區"},"geometry":{"type":"Polygon","coordinates":[[[120.374774,22.622389],[120.374776,22.620863],[120.37542,22.62022],[120.375544,22.620139],[120.374838,22.619558],[120.374533,22.619542],[120.373332,22.619476],[120.373309,22.619515],[120.373273,22.619579],[120.373178,22.620619],[120.373021,22.622321],[120.373021,22.622322],[120.373036,22.622323],[120.373849,22.622386],[120.374269,22.622401],[120.374752,22.62239],[120.374774,22.622389]]]}},{"type":"Feature","properties":{"name":"海洋里","code":"64000120065","district":"鳳山區"},"geometry":{"type":"Polygon","coordinates":[[[120.349053,22.613481],[120.348549,22.612856],[120.348516,22.612813],[120.348005,22.612136],[120.34738,22.611386],[120.346959,22.610879],[120.346954,22.610882],[120.346495,22.611188],[120.3462,22.611413],[120.346136,22.611501],[120.346116,22.611527],[120.346064,22.611598],[120.345772,22.611926],[120.345632,22.612025],[120.345581,22.612079],[120.345575,22.612102],[120.345566,22.612135],[120.345592,22.613074],[120.345779,22.613095],[120.34626,22.613148],[120.346363,22.613159],[120.346543,22.613245],[120.346572,22.613274],[120.34664,22.613343],[120.346901,22.613655],[120.347276,22.614113],[120.347589,22.614505],[120.347595,22.614501],[120.347716,22.614415],[120.349053,22.613481]]]}},{"type":"Feature","properties":{"name":"新樂里","code":"64000120067","district":"鳳山區"},"geometry":{"type":"Polygon","coordinates":[[[120.341556,22.610685],[120.341557,22.610673],[120.341627,22.609816],[120.341644,22.609769],[120.341653,22.609765],[120.341691,22.609752],[120.3417,22.609749],[120.343069,22.609842],[120.344199,22.609935],[120.344625,22.609971],[120.34479,22.609979],[120.345525,22.610017],[120.345535,22.610017],[120.345535,22.609995],[120.345513,22.608868],[120.345502,22.608867],[120.345036,22.608834],[120.341939,22.608577],[120.340929,22.608559],[120.340774,22.60845],[120.340108,22.608465],[120.339963,22.608468],[120.339722,22.608975],[120.338962,22.610779],[120.338961,22.610783],[120.339274,22.610854],[120.339377,22.610872],[120.339475,22.610893],[120.339533,22.610893],[120.339551,22.610893],[120.339633,22.61089],[120.339649,22.610889],[120.339842,22.610845],[120.339867,22.610835],[120.340183,22.610715],[120.340322,22.610683],[120.340532,22.610633],[120.340701,22.610632],[120.341296,22.610673],[120.341556,22.610685]]]}},{"type":"Feature","properties":{"name":"新泰里","code":"64000120068","district":"鳳山區"},"geometry":{"type":"Polygon","coordinates":[[[120.346959,22.610879],[120.346614,22.610452],[120.34658,22.61041],[120.346304,22.61012],[120.346217,22.610072],[120.346156,22.610051],[120.346098,22.610049],[120.345535,22.610017],[120.345525,22.610017],[120.34479,22.609979],[120.344625,22.609971],[120.344199,22.609935],[120.343069,22.609842],[120.3417,22.609749],[120.341691,22.609752],[120.341653,22.609765],[120.341644,22.609769],[120.341627,22.609816],[120.341557,22.610673],[120.341556,22.610685],[120.341851,22.61069],[120.341914,22.610691],[120.341991,22.610694],[120.34204,22.610712],[120.342081,22.610737],[120.342108,22.610753],[120.3422,22.610805],[120.342359,22.610869],[120.342434,22.610899],[120.342559,22.610933],[120.342724,22.610943],[120.344304,22.611064],[120.344311,22.611067],[120.344365,22.611089],[120.34438,22.611126],[120.344338,22.611633],[120.344292,22.612513],[120.344289,22.612568],[120.34426,22.612963],[120.345583,22.613074],[120.345592,22.613074],[120.345566,22.612135],[120.345575,22.612102],[120.345581,22.612079],[120.345632,22.612025],[120.345772,22.611926],[120.346064,22.611598],[120.346116,22.611527],[120.346136,22.611501],[120.3462,22.611413],[120.346495,22.611188],[120.346954,22.610882],[120.346959,22.610879]]]}},{"type":"Feature","properties":{"name":"中崙里","code":"64000120069","district":"鳳山區"},"geometry":{"type":"Polygon","coordinates":[[[120.352339,22.610047],[120.351459,22.606018],[120.351334,22.605556],[120.350938,22.604095],[120.350534,22.602359],[120.350561,22.602173],[120.350614,22.601813],[120.35047,22.599591],[120.350977,22.599563],[120.352947,22.599457],[120.352904,22.598361],[120.352843,22.597264],[120.352839,22.597192],[120.351578,22.597318],[120.350631,22.597413],[120.348568,22.597656],[120.347301,22.597803],[120.347397,22.598107],[120.347145,22.598232],[120.346407,22.59876],[120.345651,22.599303],[120.345047,22.599794],[120.344627,22.600121],[120.343929,22.600781],[120.343444,22.6014],[120.343289,22.601554],[120.343478,22.601929],[120.343501,22.601955],[120.343636,22.602117],[120.343764,22.602287],[120.344264,22.602957],[120.344971,22.603841],[120.345372,22.604343],[120.345957,22.605262],[120.346875,22.606749],[120.347038,22.607012],[120.34831,22.609065],[120.348732,22.609764],[120.349161,22.610475],[120.349648,22.611276],[120.349743,22.611443],[120.349881,22.611683],[120.349966,22.611799],[120.350025,22.611869],[120.350093,22.611919],[120.350255,22.612049],[120.350451,22.612207],[120.350465,22.612218],[120.3506,22.612038],[120.351456,22.611073],[120.352234,22.61018],[120.352245,22.610166],[120.352321,22.61007],[120.352339,22.610047]]]}},{"type":"Feature","properties":{"name":"中榮里","code":"64000120070","district":"鳳山區"},"geometry":{"type":"Polygon","coordinates":[[[120.357289,22.610103],[120.357342,22.60995],[120.35745,22.60914],[120.357458,22.609086],[120.357393,22.608431],[120.357143,22.608124],[120.356858,22.607774],[120.356836,22.607743],[120.356588,22.607394],[120.356384,22.60709],[120.356279,22.606897],[120.356268,22.606875],[120.355956,22.606501],[120.355457,22.60612],[120.35501,22.605814],[120.354906,22.605748],[120.354797,22.605666],[120.354673,22.605478],[120.354488,22.605087],[120.354363,22.60479],[120.35433,22.604361],[120.354426,22.602924],[120.354509,22.602536],[120.354596,22.602132],[120.354659,22.60165],[120.35474,22.601025],[120.354779,22.600723],[120.354842,22.600239],[120.355058,22.59893],[120.355154,22.598352],[120.355196,22.598054],[120.355206,22.597988],[120.35525,22.59768],[120.355331,22.597152],[120.355339,22.597105],[120.355052,22.597135],[120.353444,22.597158],[120.352839,22.597192],[120.352843,22.597264],[120.352904,22.598361],[120.352947,22.599457],[120.352947,22.599467],[120.352999,22.600732],[120.353007,22.600943],[120.353011,22.601027],[120.353051,22.602028],[120.353116,22.602668],[120.353111,22.602855],[120.353095,22.603573],[120.353576,22.60495],[120.35389,22.605518],[120.354526,22.606672],[120.354645,22.606905],[120.355355,22.608297],[120.355391,22.608366],[120.355509,22.60869],[120.355748,22.609492],[120.355801,22.609695],[120.355823,22.609805],[120.355832,22.609849],[120.355876,22.610125],[120.355922,22.610124],[120.357289,22.610103]]]}},{"type":"Feature","properties":{"name":"中民里","code":"64000120071","district":"鳳山區"},"geometry":{"type":"Polygon","coordinates":[[[120.355876,22.610125],[120.355832,22.609849],[120.355823,22.609805],[120.355801,22.609695],[120.355748,22.609492],[120.355509,22.60869],[120.355391,22.608366],[120.355355,22.608297],[120.354645,22.606905],[120.354526,22.606672],[120.35389,22.605518],[120.353576,22.60495],[120.353095,22.603573],[120.353111,22.602855],[120.353116,22.602668],[120.353051,22.602028],[120.353011,22.601027],[120.353007,22.600943],[120.352999,22.600732],[120.352947,22.599467],[120.352947,22.599457],[120.350977,22.599563],[120.35047,22.599591],[120.350614,22.601813],[120.350561,22.602173],[120.350534,22.602359],[120.350938,22.604095],[120.351334,22.605556],[120.351459,22.606018],[120.352339,22.610047],[120.35259,22.61008],[120.355101,22.610131],[120.355876,22.610125]]]}},{"type":"Feature","properties":{"name":"富榮里","code":"64000120074","district":"鳳山區"},"geometry":{"type":"Polygon","coordinates":[[[120.338664,22.595867],[120.338605,22.5958],[120.33846,22.595638],[120.338119,22.59519],[120.337719,22.59468],[120.337675,22.594606],[120.337441,22.594212],[120.337414,22.594245],[120.336864,22.594912],[120.3362,22.595685],[120.335388,22.596741],[120.334908,22.597325],[120.33489,22.597346],[120.336509,22.598511],[120.336519,22.598518],[120.336519,22.598518],[120.336777,22.59822],[120.337148,22.597794],[120.337326,22.597568],[120.338272,22.596367],[120.338573,22.595984],[120.338628,22.595913],[120.338661,22.595871],[120.338664,22.595867]]]}},{"type":"Feature","properties":{"name":"南和里","code":"64000120076","district":"鳳山區"},"geometry":{"type":"Polygon","coordinates":[[[120.3362,22.595685],[120.336184,22.595674],[120.335614,22.59529],[120.334876,22.594804],[120.334491,22.594536],[120.333636,22.593939],[120.332618,22.593226],[120.332123,22.593824],[120.330908,22.595351],[120.330902,22.595359],[120.330967,22.595401],[120.331049,22.595454],[120.331324,22.595631],[120.331796,22.595859],[120.331823,22.595873],[120.331857,22.595889],[120.33188,22.595897],[120.332416,22.596087],[120.332543,22.596128],[120.332919,22.596248],[120.333338,22.596453],[120.333824,22.596734],[120.334862,22.59733],[120.33489,22.597346],[120.334908,22.597325],[120.335388,22.596741],[120.3362,22.595685]]]}},{"type":"Feature","properties":{"name":"保安里","code":"64000120078","district":"鳳山區"},"geometry":{"type":"Polygon","coordinates":[[[120.352839,22.597192],[120.353444,22.597158],[120.355052,22.597135],[120.355339,22.597105],[120.355422,22.596635],[120.35544,22.596173],[120.355352,22.595908],[120.355264,22.595632],[120.355071,22.595311],[120.354965,22.59508],[120.354572,22.593954],[120.354321,22.593423],[120.354108,22.592909],[120.35378,22.592104],[120.35364,22.591801],[120.353297,22.591285],[120.35309,22.590898],[120.352834,22.590927],[120.348427,22.591471],[120.347795,22.591536],[120.346982,22.591767],[120.346361,22.592171],[120.345849,22.592709],[120.345638,22.592982],[120.345372,22.593326],[120.345317,22.593397],[120.345223,22.593519],[120.34423,22.594779],[120.341724,22.597972],[120.341478,22.598285],[120.341511,22.598338],[120.342313,22.599629],[120.343289,22.601554],[120.343444,22.6014],[120.343929,22.600781],[120.344627,22.600121],[120.345047,22.599794],[120.345651,22.599303],[120.346407,22.59876],[120.347145,22.598232],[120.347397,22.598107],[120.347301,22.597803],[120.348568,22.597656],[120.350631,22.597413],[120.351578,22.597318],[120.352839,22.597192]]]}},{"type":"Feature","properties":{"name":"生明里","code":"64000120045","district":"鳳山區"},"geometry":{"type":"Polygon","coordinates":[[[120.359899,22.617095],[120.360013,22.617174],[120.360253,22.617341],[120.360475,22.617494],[120.36103,22.617876],[120.361184,22.61798],[120.361314,22.618137],[120.361636,22.61863],[120.361825,22.6191],[120.362024,22.619466],[120.362058,22.619528],[120.362171,22.619675],[120.362562,22.620277],[120.362836,22.620597],[120.362851,22.620615],[120.363156,22.620528],[120.363367,22.620441],[120.363394,22.620435],[120.363786,22.620355],[120.363925,22.620337],[120.364058,22.620329],[120.364335,22.620384],[120.364933,22.620481],[120.365142,22.620518],[120.365172,22.620532],[120.365337,22.61918],[120.365367,22.618849],[120.365463,22.617811],[120.365387,22.617807],[120.365308,22.617785],[120.365273,22.617753],[120.365331,22.616922],[120.365376,22.616274],[120.36537,22.616234],[120.365345,22.616216],[120.365285,22.616218],[120.36473,22.616237],[120.364286,22.616252],[120.364247,22.616238],[120.364221,22.616209],[120.364222,22.616177],[120.364241,22.615387],[120.36416,22.615342],[120.363182,22.615326],[120.3631,22.615325],[120.363106,22.614775],[120.36293,22.61474],[120.362633,22.61468],[120.362202,22.614664],[120.362202,22.614696],[120.362203,22.615139],[120.361354,22.61512],[120.361324,22.615359],[120.36129,22.61536],[120.360774,22.615366],[120.360766,22.615644],[120.360764,22.615709],[120.360753,22.61608],[120.360743,22.616393],[120.360708,22.616394],[120.360087,22.616397],[120.360088,22.616449],[120.36009,22.616525],[120.359874,22.616788],[120.359769,22.616915],[120.359723,22.616974],[120.359764,22.617002],[120.359899,22.617095]]]}},{"type":"Feature","properties":{"name":"誠義里","code":"64000120020","district":"鳳山區"},"geometry":{"type":"Polygon","coordinates":[[[120.357124,22.615663],[120.358374,22.616233],[120.358913,22.616445],[120.359234,22.616649],[120.359723,22.616974],[120.359769,22.616915],[120.359874,22.616788],[120.36009,22.616525],[120.360088,22.616449],[120.360087,22.616397],[120.360708,22.616394],[120.360743,22.616393],[120.360753,22.61608],[120.360764,22.615709],[120.360766,22.615644],[120.360774,22.615366],[120.36129,22.61536],[120.361324,22.615359],[120.361354,22.61512],[120.362203,22.615139],[120.362202,22.614696],[120.362202,22.614664],[120.362633,22.61468],[120.36293,22.61474],[120.363106,22.614775],[120.3631,22.615325],[120.363182,22.615326],[120.36416,22.615342],[120.364241,22.615387],[120.364222,22.616177],[120.364221,22.616209],[120.364247,22.616238],[120.364286,22.616252],[120.36473,22.616237],[120.365285,22.616218],[120.365345,22.616216],[120.36537,22.616234],[120.365376,22.616274],[120.365331,22.616922],[120.365273,22.617753],[120.365308,22.617785],[120.365387,22.617807],[120.365463,22.617811],[120.368267,22.617941],[120.368347,22.617928],[120.368422,22.617853],[120.368481,22.617671],[120.368842,22.616541],[120.36941,22.614554],[120.368852,22.614358],[120.368691,22.614253],[120.368096,22.614131],[120.367791,22.613965],[120.367276,22.613859],[120.366068,22.61369],[120.36557,22.613537],[120.364669,22.613384],[120.362963,22.61305],[120.362669,22.612979],[120.362779,22.609234],[120.362827,22.607875],[120.362783,22.607654],[120.362762,22.607547],[120.362526,22.60753],[120.358442,22.607238],[120.356766,22.607118],[120.356384,22.60709],[120.356588,22.607394],[120.356836,22.607743],[120.356858,22.607774],[120.357143,22.608124],[120.357393,22.608431],[120.357458,22.609086],[120.35745,22.60914],[120.357342,22.60995],[120.357289,22.610103],[120.357281,22.610185],[120.357252,22.610491],[120.357092,22.611161],[120.357003,22.611292],[120.356987,22.611314],[120.356524,22.611748],[120.356366,22.612023],[120.356109,22.612943],[120.356021,22.613225],[120.356019,22.613582],[120.355951,22.614351],[120.355979,22.614672],[120.356092,22.614851],[120.356334,22.615175],[120.356524,22.615338],[120.356706,22.615452],[120.357124,22.615663]]]}},{"type":"Feature","properties":{"name":"國泰里","code":"64000120034","district":"鳳山區"},"geometry":{"type":"Polygon","coordinates":[[[120.354736,22.617932],[120.354731,22.617924],[120.354514,22.617594],[120.354338,22.617347],[120.354247,22.617219],[120.35412,22.617044],[120.353621,22.61636],[120.353486,22.616175],[120.353365,22.616009],[120.351702,22.613752],[120.350902,22.61262],[120.35056,22.612305],[120.350465,22.612218],[120.350461,22.612223],[120.35024,22.612459],[120.34965,22.613016],[120.349628,22.613034],[120.349055,22.613479],[120.349053,22.613481],[120.349061,22.613492],[120.350224,22.614949],[120.350245,22.614976],[120.350945,22.614512],[120.35095,22.614533],[120.351225,22.615699],[120.351241,22.615768],[120.351554,22.617393],[120.351556,22.6174],[120.351684,22.617976],[120.351838,22.618674],[120.351951,22.619122],[120.351975,22.61911],[120.352149,22.619028],[120.352309,22.618951],[120.352753,22.618739],[120.352754,22.618739],[120.352864,22.618884],[120.352983,22.61904],[120.353042,22.619126],[120.353169,22.619297],[120.35333,22.619194],[120.354493,22.618438],[120.354623,22.618355],[120.354619,22.618349],[120.35441,22.61806],[120.35441,22.61806],[120.354736,22.617932]]]}},{"type":"Feature","properties":{"name":"興仁里","code":"64000120042","district":"鳳山區"},"geometry":{"type":"Polygon","coordinates":[[[120.35881,22.622333],[120.358751,22.622278],[120.35863,22.622165],[120.358331,22.621942],[120.357804,22.621647],[120.357565,22.621553],[120.357334,22.621381],[120.357148,22.621172],[120.356417,22.620273],[120.356007,22.619729],[120.354842,22.618092],[120.354736,22.617932],[120.35441,22.61806],[120.35441,22.61806],[120.354619,22.618349],[120.354623,22.618355],[120.354493,22.618438],[120.35333,22.619194],[120.353169,22.619297],[120.353178,22.619309],[120.353828,22.62019],[120.354176,22.620623],[120.354188,22.620636],[120.354204,22.620635],[120.354208,22.620634],[120.354228,22.620623],[120.354616,22.620358],[120.354853,22.620605],[120.355485,22.621263],[120.355985,22.621779],[120.356648,22.622398],[120.356554,22.622474],[120.356298,22.622681],[120.355732,22.623097],[120.355705,22.623116],[120.355183,22.623499],[120.355073,22.623548],[120.35478,22.623678],[120.354458,22.623792],[120.354414,22.623843],[120.354422,22.623895],[120.354615,22.624194],[120.354924,22.624701],[120.355208,22.625115],[120.355399,22.62543],[120.35545,22.625496],[120.355527,22.625715],[120.355542,22.625923],[120.355509,22.625995],[120.355606,22.626],[120.355858,22.625996],[120.355908,22.625998],[120.356013,22.626001],[120.356596,22.62602],[120.35685,22.625077],[120.356902,22.624905],[120.357069,22.624351],[120.357319,22.623521],[120.357359,22.623404],[120.35737,22.623389],[120.357423,22.623314],[120.357528,22.623226],[120.357572,22.623205],[120.357709,22.623141],[120.358008,22.622964],[120.358134,22.622883],[120.358376,22.62269],[120.35881,22.622333]]]}},{"type":"Feature","properties":{"name":"鎮西里","code":"64000120012","district":"鳳山區"},"geometry":{"type":"Polygon","coordinates":[[[120.35163,22.628779],[120.351808,22.628779],[120.351823,22.62897],[120.351823,22.628974],[120.35236,22.628982],[120.352385,22.628983],[120.352377,22.629087],[120.352375,22.62912],[120.352417,22.629122],[120.352548,22.629126],[120.3526,22.629706],[120.352576,22.629879],[120.352563,22.629977],[120.352591,22.630158],[120.3526,22.630202],[120.352827,22.631371],[120.352926,22.631866],[120.352984,22.631968],[120.353049,22.63218],[120.353093,22.632331],[120.355465,22.631901],[120.356003,22.631804],[120.35631,22.631751],[120.356297,22.631328],[120.35632,22.630843],[120.356141,22.630842],[120.356133,22.630797],[120.356129,22.63066],[120.356156,22.630443],[120.356195,22.63024],[120.356206,22.630172],[120.356217,22.630073],[120.356265,22.629865],[120.356311,22.629026],[120.356313,22.628996],[120.35634,22.628669],[120.356384,22.628197],[120.356417,22.627667],[120.356412,22.627588],[120.356336,22.627292],[120.356293,22.627149],[120.356252,22.626955],[120.355901,22.626222],[120.355886,22.626172],[120.355862,22.62602],[120.355858,22.625996],[120.355606,22.626],[120.355509,22.625995],[120.353539,22.625911],[120.353509,22.62591],[120.353517,22.625939],[120.353664,22.626527],[120.353543,22.626556],[120.353179,22.62663],[120.35306,22.626679],[120.352643,22.626844],[120.352465,22.626925],[120.352247,22.627162],[120.352237,22.627756],[120.351587,22.627754],[120.351625,22.628342],[120.351618,22.628779],[120.35163,22.628779]]]}},{"type":"Feature","properties":{"name":"忠義里","code":"64000120019","district":"鳳山區"},"geometry":{"type":"Polygon","coordinates":[[[120.345572,22.629352],[120.346298,22.629318],[120.346559,22.629306],[120.34735,22.629269],[120.349071,22.629218],[120.352375,22.62912],[120.352377,22.629087],[120.352385,22.628983],[120.35236,22.628982],[120.351823,22.628974],[120.351823,22.62897],[120.351808,22.628779],[120.35163,22.628779],[120.351618,22.628779],[120.351625,22.628342],[120.351587,22.627754],[120.352237,22.627756],[120.352247,22.627162],[120.352465,22.626925],[120.352643,22.626844],[120.35306,22.626679],[120.353179,22.62663],[120.353543,22.626556],[120.353664,22.626527],[120.353517,22.625939],[120.353509,22.62591],[120.35247,22.625854],[120.349231,22.625434],[120.34923,22.625465],[120.349212,22.626163],[120.349191,22.627019],[120.349132,22.627685],[120.348362,22.627825],[120.347656,22.627954],[120.344997,22.628087],[120.344611,22.628107],[120.344304,22.628033],[120.344294,22.628031],[120.344272,22.628026],[120.344205,22.62801],[120.344206,22.628009],[120.344165,22.628014],[120.344159,22.628015],[120.343969,22.62803],[120.343374,22.628054],[120.343296,22.628054],[120.343098,22.628055],[120.34292,22.628099],[120.342801,22.628129],[120.34264,22.628177],[120.342528,22.628212],[120.342427,22.628242],[120.342228,22.628302],[120.341862,22.628413],[120.341321,22.628575],[120.340947,22.628698],[120.340586,22.628831],[120.340218,22.628978],[120.339886,22.629092],[120.339723,22.629202],[120.339522,22.629313],[120.339354,22.629447],[120.339393,22.629451],[120.339489,22.62946],[120.339903,22.629498],[120.340064,22.629496],[120.342254,22.629465],[120.345572,22.629352]]]}},{"type":"Feature","properties":{"name":"國富里","code":"64000120063","district":"鳳山區"},"geometry":{"type":"Polygon","coordinates":[[[120.351556,22.6174],[120.351554,22.617393],[120.351241,22.615768],[120.351225,22.615699],[120.35095,22.614533],[120.350945,22.614512],[120.350245,22.614976],[120.350224,22.614949],[120.349061,22.613492],[120.349053,22.613481],[120.347716,22.614415],[120.347595,22.614501],[120.347589,22.614505],[120.347603,22.614522],[120.347767,22.614736],[120.348187,22.615234],[120.348365,22.615488],[120.348367,22.61549],[120.348523,22.615667],[120.34879,22.61602],[120.349077,22.61711],[120.349422,22.618468],[120.349484,22.61856],[120.349551,22.618658],[120.349554,22.618663],[120.349915,22.618435],[120.351556,22.6174]]]}},{"type":"Feature","properties":{"name":"國光里","code":"64000120037","district":"鳳山區"},"geometry":{"type":"MultiPolygon","coordinates":[[[[120.349554,22.618663],[120.349551,22.618658],[120.349484,22.61856],[120.349422,22.618468],[120.349077,22.61711],[120.34879,22.61602],[120.348523,22.615667],[120.348367,22.61549],[120.348314,22.615525],[120.347843,22.615829],[120.347486,22.616098],[120.347357,22.616249],[120.347293,22.616353],[120.347231,22.616497],[120.347211,22.616544],[120.347176,22.616639],[120.34715,22.616707],[120.347103,22.617027],[120.347094,22.617475],[120.347086,22.617917],[120.347084,22.618025],[120.347084,22.618029],[120.347069,22.618799],[120.347074,22.618799],[120.347317,22.618802],[120.347359,22.619252],[120.34739,22.619625],[120.347452,22.619733],[120.347578,22.619871],[120.349135,22.618919],[120.349517,22.618685],[120.349554,22.618663]]],[[[120.349554,22.618663],[120.349525,22.619026],[120.349524,22.619069],[120.349492,22.619967],[120.349501,22.620012],[120.349502,22.620017],[120.349521,22.620024],[120.349563,22.62004],[120.350514,22.619953],[120.350525,22.619949],[120.350589,22.619922],[120.351338,22.619485],[120.351845,22.619178],[120.351951,22.619122],[120.351838,22.618674],[120.351684,22.617976],[120.351556,22.6174],[120.349915,22.618435],[120.349554,22.618663]]]]}},{"type":"Feature","properties":{"name":"文華里","code":"64000120056","district":"鳳山區"},"geometry":{"type":"Polygon","coordinates":[[[120.350249,22.634666],[120.350884,22.634562],[120.350903,22.634581],[120.350906,22.634584],[120.350906,22.634585],[120.350926,22.634657],[120.350987,22.63502],[120.351005,22.635122],[120.351006,22.635132],[120.351055,22.635158],[120.351147,22.635186],[120.35131,22.635217],[120.35144,22.635206],[120.351595,22.635194],[120.351646,22.635184],[120.351678,22.635385],[120.35175,22.635821],[120.351835,22.636312],[120.351863,22.636446],[120.351885,22.636503],[120.351975,22.636605],[120.35208,22.636734],[120.352221,22.636866],[120.352313,22.636959],[120.352468,22.637152],[120.352538,22.63714],[120.352576,22.637134],[120.3543,22.636834],[120.361995,22.635462],[120.362026,22.635456],[120.361647,22.634269],[120.360612,22.63103],[120.360081,22.631099],[120.359976,22.631113],[120.359301,22.631223],[120.358664,22.631334],[120.357904,22.631464],[120.3571,22.631618],[120.35653,22.631711],[120.35631,22.631751],[120.356003,22.631804],[120.355465,22.631901],[120.353093,22.632331],[120.35303,22.632341],[120.351406,22.632578],[120.349893,22.632799],[120.349925,22.633007],[120.350176,22.634625],[120.350199,22.634656],[120.350236,22.634668],[120.350249,22.634666]]]}},{"type":"Feature","properties":{"name":"文福里","code":"64000120060","district":"鳳山區"},"geometry":{"type":"Polygon","coordinates":[[[120.352468,22.637152],[120.352313,22.636959],[120.352221,22.636866],[120.35208,22.636734],[120.351975,22.636605],[120.351885,22.636503],[120.351863,22.636446],[120.351835,22.636312],[120.35175,22.635821],[120.351678,22.635385],[120.351646,22.635184],[120.351595,22.635194],[120.35144,22.635206],[120.35131,22.635217],[120.351147,22.635186],[120.351055,22.635158],[120.351006,22.635132],[120.351005,22.635122],[120.350987,22.63502],[120.350926,22.634657],[120.350906,22.634585],[120.350906,22.634584],[120.350903,22.634581],[120.350884,22.634562],[120.350249,22.634666],[120.350236,22.634668],[120.350199,22.634656],[120.350176,22.634625],[120.349925,22.633007],[120.349893,22.632799],[120.348511,22.633039],[120.347667,22.633185],[120.347282,22.633252],[120.3461,22.633471],[120.345291,22.63362],[120.344788,22.633691],[120.34474,22.633695],[120.344702,22.633699],[120.344699,22.633699],[120.344699,22.633699],[120.344682,22.633786],[120.344672,22.633835],[120.344653,22.633933],[120.344653,22.633939],[120.344653,22.63413],[120.344646,22.634283],[120.344595,22.634417],[120.344682,22.635011],[120.344739,22.635412],[120.344787,22.635745],[120.344862,22.636141],[120.344924,22.636465],[120.344953,22.636644],[120.344978,22.636795],[120.345194,22.637123],[120.345428,22.637248],[120.345443,22.637251],[120.347079,22.637628],[120.348544,22.637799],[120.348921,22.637771],[120.349124,22.637756],[120.349353,22.637714],[120.349845,22.637624],[120.351673,22.637288],[120.352468,22.637152]]]}},{"type":"Feature","properties":{"name":"武慶里","code":"64000120064","district":"鳳山區"},"geometry":{"type":"Polygon","coordinates":[[[120.336702,22.616284],[120.336702,22.616284],[120.336703,22.616275],[120.337091,22.613374],[120.337182,22.61269],[120.335972,22.612595],[120.33457,22.612482],[120.333611,22.612406],[120.332706,22.612319],[120.332702,22.612375],[120.332644,22.612661],[120.332362,22.612651],[120.331974,22.612618],[120.331614,22.612601],[120.331205,22.612585],[120.330834,22.612544],[120.33064,22.612544],[120.330429,22.61252],[120.330032,22.612515],[120.329657,22.612475],[120.329258,22.61244],[120.328856,22.612421],[120.328281,22.612403],[120.327737,22.612391],[120.327293,22.612373],[120.326966,22.612372],[120.327098,22.612769],[120.327222,22.61311],[120.327328,22.613418],[120.327383,22.61381],[120.327401,22.614154],[120.327402,22.614173],[120.327369,22.614653],[120.327343,22.614867],[120.327277,22.615176],[120.327233,22.615339],[120.327172,22.615583],[120.327062,22.615931],[120.326934,22.616257],[120.32678,22.616571],[120.326835,22.616572],[120.327148,22.616579],[120.327495,22.61659],[120.327589,22.616592],[120.328039,22.616591],[120.327893,22.617653],[120.327889,22.617678],[120.329342,22.617845],[120.329668,22.617884],[120.329953,22.617918],[120.330151,22.617942],[120.331061,22.61805],[120.332054,22.618154],[120.332055,22.618154],[120.332058,22.618155],[120.332949,22.618266],[120.333458,22.618322],[120.334041,22.618396],[120.334444,22.618468],[120.334475,22.618473],[120.334522,22.618482],[120.334546,22.618407],[120.334627,22.617886],[120.334744,22.617193],[120.334876,22.616106],[120.335651,22.616181],[120.336391,22.616254],[120.336702,22.616284]]]}},{"type":"Feature","properties":{"name":"武漢里","code":"64000120026","district":"鳳山區"},"geometry":{"type":"Polygon","coordinates":[[[120.337519,22.610285],[120.337451,22.61016],[120.337394,22.610139],[120.336659,22.609868],[120.336497,22.609877],[120.336102,22.60989],[120.33572,22.609895],[120.33513,22.609907],[120.334584,22.609911],[120.334363,22.609914],[120.333767,22.609913],[120.333094,22.609937],[120.333024,22.60994],[120.333021,22.60994],[120.332986,22.609941],[120.332803,22.609954],[120.332666,22.609993],[120.332604,22.610039],[120.332571,22.610063],[120.332584,22.610192],[120.332626,22.610415],[120.332678,22.610744],[120.332742,22.610932],[120.332746,22.611036],[120.332734,22.61123],[120.332743,22.611351],[120.332743,22.611355],[120.332752,22.611474],[120.332759,22.611632],[120.332738,22.611833],[120.332724,22.612085],[120.332707,22.612309],[120.332706,22.612319],[120.333611,22.612406],[120.33457,22.612482],[120.335972,22.612595],[120.337182,22.61269],[120.337186,22.61266],[120.337212,22.61248],[120.337393,22.611113],[120.337426,22.610864],[120.337481,22.610449],[120.337487,22.610423],[120.337516,22.610299],[120.337519,22.610285]]]}},{"type":"Feature","properties":{"name":"忠孝里","code":"64000120044","district":"鳳山區"},"geometry":{"type":"Polygon","coordinates":[[[120.348511,22.633039],[120.349893,22.632799],[120.351406,22.632578],[120.35303,22.632341],[120.353093,22.632331],[120.353049,22.63218],[120.352984,22.631968],[120.352926,22.631866],[120.352827,22.631371],[120.3526,22.630202],[120.352591,22.630158],[120.352563,22.629977],[120.352576,22.629879],[120.3526,22.629706],[120.352548,22.629126],[120.352417,22.629122],[120.352375,22.62912],[120.349071,22.629218],[120.34735,22.629269],[120.346559,22.629306],[120.346298,22.629318],[120.345572,22.629352],[120.342254,22.629465],[120.340064,22.629496],[120.339903,22.629498],[120.339489,22.62946],[120.339393,22.629451],[120.339354,22.629447],[120.339308,22.629483],[120.339303,22.629519],[120.339331,22.629527],[120.339382,22.629541],[120.339672,22.629621],[120.340244,22.629745],[120.340465,22.629774],[120.3412,22.629832],[120.341639,22.629879],[120.341731,22.629902],[120.341827,22.630335],[120.341899,22.630709],[120.341952,22.630847],[120.34234,22.630874],[120.342341,22.630874],[120.342359,22.630875],[120.343059,22.630918],[120.343107,22.630941],[120.34312,22.631155],[120.343137,22.63134],[120.343172,22.631696],[120.343209,22.632113],[120.34332,22.632485],[120.343522,22.633049],[120.34373,22.633108],[120.343936,22.633093],[120.344544,22.633058],[120.344865,22.63302],[120.345097,22.63307],[120.345201,22.633114],[120.345221,22.633154],[120.345096,22.633308],[120.344828,22.633545],[120.344712,22.633631],[120.344699,22.633699],[120.344699,22.633699],[120.344702,22.633699],[120.34474,22.633695],[120.344788,22.633691],[120.345291,22.63362],[120.3461,22.633471],[120.347282,22.633252],[120.347667,22.633185],[120.348511,22.633039]]]}},{"type":"Feature","properties":{"name":"中和里","code":"64000120008","district":"鳳山區"},"geometry":{"type":"Polygon","coordinates":[[[120.347656,22.627954],[120.348362,22.627825],[120.349132,22.627685],[120.349191,22.627019],[120.349212,22.626163],[120.34923,22.625465],[120.349231,22.625434],[120.347985,22.625282],[120.345727,22.625007],[120.345432,22.624971],[120.345346,22.62496],[120.344756,22.624949],[120.34479,22.625031],[120.344922,22.625273],[120.345115,22.625665],[120.345314,22.626083],[120.345544,22.626526],[120.345557,22.626573],[120.345103,22.626792],[120.344627,22.627013],[120.344191,22.627228],[120.344031,22.627308],[120.344297,22.627934],[120.344267,22.628003],[120.344206,22.628009],[120.344205,22.62801],[120.344272,22.628026],[120.344294,22.628031],[120.344304,22.628033],[120.344611,22.628107],[120.344997,22.628087],[120.347656,22.627954]]]}},{"type":"Feature","properties":{"name":"新強里","code":"64000120033","district":"鳳山區"},"geometry":{"type":"Polygon","coordinates":[[[120.345171,22.621724],[120.345239,22.621426],[120.345609,22.618019],[120.345615,22.617883],[120.345634,22.617393],[120.345634,22.617391],[120.344813,22.617318],[120.343419,22.617165],[120.343339,22.617115],[120.343346,22.617091],[120.343444,22.616186],[120.343515,22.615427],[120.343543,22.615215],[120.343578,22.615064],[120.343641,22.614952],[120.34373,22.614846],[120.343917,22.614535],[120.344095,22.61415],[120.344185,22.613881],[120.344258,22.612983],[120.34426,22.612963],[120.344289,22.612568],[120.344292,22.612513],[120.344338,22.611633],[120.34438,22.611126],[120.344365,22.611089],[120.344311,22.611067],[120.344304,22.611064],[120.342724,22.610943],[120.342559,22.610933],[120.342434,22.610899],[120.342359,22.610869],[120.3422,22.610805],[120.342108,22.610753],[120.342081,22.610737],[120.34204,22.610712],[120.341991,22.610694],[120.341914,22.610691],[120.341851,22.61069],[120.341556,22.610685],[120.341296,22.610673],[120.340701,22.610632],[120.340532,22.610633],[120.340322,22.610683],[120.340183,22.610715],[120.339867,22.610835],[120.339842,22.610845],[120.339649,22.610889],[120.339633,22.61089],[120.339551,22.610893],[120.339533,22.610893],[120.339475,22.610893],[120.339377,22.610872],[120.339274,22.610854],[120.338961,22.610783],[120.338922,22.610774],[120.338845,22.610757],[120.338605,22.610691],[120.338419,22.610625],[120.337834,22.610419],[120.337654,22.610342],[120.337519,22.610285],[120.337516,22.610299],[120.337487,22.610423],[120.337481,22.610449],[120.337426,22.610864],[120.337393,22.611113],[120.337212,22.61248],[120.337186,22.61266],[120.337182,22.61269],[120.337091,22.613374],[120.336703,22.616275],[120.336702,22.616284],[120.336702,22.616284],[120.336711,22.616285],[120.336735,22.616288],[120.336738,22.616288],[120.337163,22.61633],[120.337387,22.616539],[120.33776,22.616859],[120.338305,22.617355],[120.339022,22.617976],[120.33949,22.617681],[120.339983,22.618241],[120.340654,22.619055],[120.340558,22.619092],[120.34024,22.619276],[120.340081,22.619384],[120.339912,22.619488],[120.339562,22.619695],[120.339274,22.619886],[120.338928,22.620101],[120.338613,22.620317],[120.338184,22.620615],[120.338521,22.621031],[120.338733,22.621317],[120.339046,22.621707],[120.339343,22.622122],[120.33952,22.622386],[120.33963,22.62256],[120.339745,22.622911],[120.339823,22.623138],[120.339862,22.623242],[120.339967,22.623447],[120.339962,22.623526],[120.339982,22.623749],[120.339993,22.62422],[120.340019,22.624246],[120.340021,22.624247],[120.340213,22.624297],[120.340769,22.624365],[120.341547,22.624468],[120.342293,22.624558],[120.342303,22.624559],[120.34232,22.624561],[120.342928,22.624653],[120.343689,22.624776],[120.344193,22.624857],[120.344258,22.624868],[120.344267,22.624825],[120.344306,22.624306],[120.344307,22.624292],[120.344312,22.624244],[120.344337,22.623991],[120.344381,22.623547],[120.344388,22.623496],[120.344432,22.623162],[120.344541,22.62283],[120.344649,22.622575],[120.344862,22.622224],[120.345153,22.621754],[120.345171,22.621724]]]}},{"type":"Feature","properties":{"name":"新武里","code":"64000120066","district":"鳳山區"},"geometry":{"type":"Polygon","coordinates":[[[120.339963,22.608468],[120.341181,22.606252],[120.340251,22.606149],[120.340084,22.60613],[120.339373,22.606051],[120.339219,22.606034],[120.339151,22.606027],[120.339124,22.606024],[120.339119,22.606063],[120.339119,22.606067],[120.339117,22.606077],[120.339114,22.606105],[120.339095,22.606248],[120.338793,22.606398],[120.338396,22.606591],[120.337947,22.606803],[120.337907,22.6071],[120.337865,22.60748],[120.337809,22.607931],[120.337721,22.608395],[120.337651,22.60895],[120.337558,22.609527],[120.337451,22.61016],[120.337519,22.610285],[120.337654,22.610342],[120.337834,22.610419],[120.338419,22.610625],[120.338605,22.610691],[120.338845,22.610757],[120.338922,22.610774],[120.338961,22.610783],[120.338962,22.610779],[120.339722,22.608975],[120.339963,22.608468]]]}},{"type":"Feature","properties":{"name":"正義里","code":"64000120027","district":"鳳山區"},"geometry":{"type":"Polygon","coordinates":[[[120.343478,22.601929],[120.343289,22.601554],[120.342313,22.599629],[120.341511,22.598338],[120.341478,22.598285],[120.341209,22.598628],[120.34104,22.598979],[120.340895,22.599281],[120.340786,22.599345],[120.340352,22.599814],[120.340315,22.599858],[120.339573,22.600734],[120.339556,22.600754],[120.33954,22.600743],[120.339539,22.600754],[120.339285,22.601112],[120.33812,22.602653],[120.338083,22.602701],[120.338078,22.602697],[120.337878,22.602937],[120.337761,22.60308],[120.336686,22.604378],[120.336718,22.6044],[120.336972,22.604577],[120.337632,22.605019],[120.338323,22.60549],[120.338666,22.605466],[120.33918,22.605465],[120.339164,22.605718],[120.339124,22.606024],[120.339151,22.606027],[120.339219,22.606034],[120.339373,22.606051],[120.340084,22.60613],[120.340251,22.606149],[120.341181,22.606252],[120.341197,22.606221],[120.341839,22.604979],[120.342078,22.604309],[120.342215,22.603748],[120.342404,22.602764],[120.342425,22.602062],[120.342261,22.601048],[120.342283,22.601063],[120.342388,22.601147],[120.342831,22.601501],[120.343235,22.601772],[120.343478,22.601929]]]}},{"type":"Feature","properties":{"name":"龍成里","code":"64000120073","district":"鳳山區"},"geometry":{"type":"Polygon","coordinates":[[[120.330842,22.599305],[120.330255,22.59886],[120.328789,22.597761],[120.328722,22.597701],[120.328628,22.597618],[120.328567,22.597496],[120.328574,22.597396],[120.328575,22.597372],[120.328599,22.597197],[120.328599,22.597196],[120.328602,22.597188],[120.328692,22.596947],[120.328743,22.596808],[120.328819,22.59669],[120.329039,22.596345],[120.329109,22.596235],[120.329123,22.596214],[120.32865,22.5959],[120.328138,22.595595],[120.327662,22.595253],[120.327645,22.595241],[120.327444,22.595935],[120.327248,22.596608],[120.327114,22.59705],[120.326824,22.597861],[120.326506,22.598856],[120.326708,22.59899],[120.327208,22.599296],[120.32769,22.599618],[120.328085,22.599885],[120.328119,22.599908],[120.328317,22.600041],[120.329089,22.600571],[120.3296,22.600912],[120.329598,22.600909],[120.329599,22.600907],[120.329667,22.600819],[120.330261,22.600045],[120.330665,22.599531],[120.330824,22.599327],[120.330842,22.599305]]]}},{"type":"Feature","properties":{"name":"善美里","code":"64000120075","district":"鳳山區"},"geometry":{"type":"Polygon","coordinates":[[[120.338078,22.602697],[120.338068,22.60269],[120.334886,22.600559],[120.334626,22.600376],[120.334196,22.600073],[120.33319,22.599339],[120.332256,22.598697],[120.33222,22.598672],[120.331982,22.598772],[120.330842,22.599305],[120.330824,22.599327],[120.330665,22.599531],[120.330261,22.600045],[120.329667,22.600819],[120.329599,22.600907],[120.329598,22.600909],[120.3296,22.600912],[120.329604,22.600915],[120.32964,22.600939],[120.329788,22.601038],[120.330389,22.600272],[120.330871,22.600566],[120.331476,22.600941],[120.331828,22.601159],[120.332525,22.601613],[120.333028,22.60194],[120.333436,22.602192],[120.333525,22.602247],[120.333528,22.602249],[120.333557,22.602268],[120.334145,22.602666],[120.334625,22.602998],[120.335253,22.603422],[120.335733,22.603742],[120.336375,22.60416],[120.336686,22.604378],[120.337761,22.60308],[120.337878,22.602937],[120.338078,22.602697]]]}},{"type":"Feature","properties":{"name":"福誠里","code":"64000120049","district":"鳳山區"},"geometry":{"type":"Polygon","coordinates":[[[120.326824,22.597861],[120.327114,22.59705],[120.327248,22.596608],[120.327228,22.596594],[120.326767,22.596292],[120.32648,22.596085],[120.325823,22.595612],[120.325795,22.595592],[120.325939,22.59516],[120.326049,22.594828],[120.326082,22.594707],[120.326169,22.594384],[120.32637,22.593922],[120.326412,22.593827],[120.325993,22.593616],[120.325838,22.593519],[120.325433,22.593265],[120.325538,22.593191],[120.325759,22.593005],[120.325765,22.592969],[120.325756,22.592959],[120.325748,22.592951],[120.32542,22.592735],[120.323432,22.591417],[120.321796,22.59034],[120.321769,22.590322],[120.321769,22.590326],[120.321766,22.590425],[120.32176,22.590513],[120.32171,22.590589],[120.321522,22.590671],[120.321343,22.590699],[120.321154,22.590754],[120.320994,22.590866],[120.320826,22.590963],[120.320633,22.591045],[120.320543,22.591113],[120.320525,22.591198],[120.32052,22.591218],[120.320571,22.591269],[120.320637,22.591321],[120.320665,22.591333],[120.320813,22.591399],[120.32098,22.591459],[120.32133,22.591589],[120.321757,22.591738],[120.322076,22.591857],[120.322277,22.59197],[120.322336,22.592079],[120.322392,22.592261],[120.322455,22.592465],[120.322487,22.592658],[120.322511,22.592904],[120.322555,22.593213],[120.322587,22.593566],[120.322575,22.593823],[120.322549,22.594023],[120.322554,22.594135],[120.32252,22.594306],[120.322496,22.594524],[120.322506,22.59469],[120.322526,22.594958],[120.322579,22.595246],[120.32262,22.595502],[120.322621,22.595507],[120.322622,22.595515],[120.322712,22.595842],[120.322792,22.596016],[120.322903,22.596429],[120.323311,22.596688],[120.323824,22.597023],[120.324184,22.597256],[120.324818,22.597695],[120.325513,22.598183],[120.325661,22.598297],[120.325969,22.598502],[120.326405,22.598788],[120.326496,22.598849],[120.326506,22.598856],[120.326824,22.597861]]]}},{"type":"Feature","properties":{"name":"南成里","code":"64000120055","district":"鳳山區"},"geometry":{"type":"Polygon","coordinates":[[[120.345317,22.593397],[120.345372,22.593326],[120.345638,22.592982],[120.345849,22.592709],[120.346361,22.592171],[120.346982,22.591767],[120.347795,22.591536],[120.348427,22.591471],[120.352834,22.590927],[120.35309,22.590898],[120.353068,22.590686],[120.352816,22.59024],[120.352704,22.590005],[120.35256,22.589675],[120.352417,22.589374],[120.351905,22.588516],[120.351837,22.588335],[120.351748,22.588105],[120.351621,22.587899],[120.351508,22.587724],[120.350998,22.586758],[120.350759,22.586425],[120.350478,22.586049],[120.35031,22.58576],[120.350309,22.585755],[120.349997,22.585504],[120.349969,22.585504],[120.349799,22.58548],[120.349634,22.585422],[120.349524,22.585384],[120.349499,22.585376],[120.349384,22.585239],[120.34929,22.585091],[120.349224,22.585008],[120.349136,22.584956],[120.348809,22.584802],[120.348615,22.584728],[120.348416,22.584691],[120.347994,22.584641],[120.34764,22.584616],[120.347236,22.584555],[120.347062,22.584488],[120.34686,22.584419],[120.346679,22.584293],[120.346529,22.584277],[120.346311,22.584203],[120.346106,22.58416],[120.345864,22.584089],[120.345582,22.584047],[120.345365,22.584033],[120.344999,22.584022],[120.344609,22.584014],[120.344369,22.584006],[120.344202,22.583986],[120.343849,22.583903],[120.343462,22.583764],[120.343104,22.583624],[120.342952,22.583555],[120.342738,22.583513],[120.342226,22.583518],[120.341852,22.583534],[120.341546,22.583614],[120.34124,22.583726],[120.340919,22.583875],[120.34058,22.584062],[120.340295,22.584217],[120.340131,22.584382],[120.339996,22.584475],[120.339745,22.584521],[120.339432,22.584519],[120.339276,22.584505],[120.339265,22.584528],[120.339122,22.584828],[120.33901,22.58513],[120.338968,22.585255],[120.33886,22.58561],[120.338764,22.585955],[120.338668,22.586319],[120.338627,22.586459],[120.338574,22.586643],[120.338512,22.586827],[120.338478,22.586901],[120.338318,22.587135],[120.33822,22.587267],[120.337975,22.587682],[120.337933,22.587814],[120.337742,22.588108],[120.337516,22.588401],[120.337409,22.588575],[120.337154,22.588924],[120.33694,22.589174],[120.336754,22.589362],[120.33656,22.589545],[120.336388,22.589685],[120.336163,22.589929],[120.335998,22.590094],[120.33581,22.590288],[120.335621,22.590415],[120.335472,22.590528],[120.33536,22.590566],[120.335254,22.590575],[120.335151,22.590571],[120.334987,22.590447],[120.334937,22.590402],[120.334858,22.590331],[120.333968,22.591443],[120.333615,22.591909],[120.332622,22.593219],[120.332618,22.593226],[120.333636,22.593939],[120.334491,22.594536],[120.334876,22.594804],[120.335614,22.59529],[120.336184,22.595674],[120.3362,22.595685],[120.336864,22.594912],[120.337414,22.594245],[120.337441,22.594212],[120.337675,22.594606],[120.337719,22.59468],[120.338119,22.59519],[120.33846,22.595638],[120.338605,22.5958],[120.338664,22.595867],[120.338976,22.595469],[120.339314,22.595023],[120.339805,22.594386],[120.340174,22.593932],[120.340566,22.593453],[120.341157,22.592721],[120.34181,22.59318],[120.342699,22.593773],[120.342855,22.593875],[120.343088,22.593575],[120.344026,22.592406],[120.3446,22.591703],[120.344946,22.592535],[120.345317,22.593397]]]}},{"type":"Feature","properties":{"name":"二甲里","code":"64000120072","district":"鳳山區"},"geometry":{"type":"Polygon","coordinates":[[[120.341478,22.598285],[120.341724,22.597972],[120.34423,22.594779],[120.345223,22.593519],[120.345317,22.593397],[120.344946,22.592535],[120.3446,22.591703],[120.344026,22.592406],[120.343088,22.593575],[120.342855,22.593875],[120.342699,22.593773],[120.34181,22.59318],[120.341157,22.592721],[120.340566,22.593453],[120.340174,22.593932],[120.339805,22.594386],[120.339314,22.595023],[120.338976,22.595469],[120.338664,22.595867],[120.338661,22.595871],[120.338628,22.595913],[120.338573,22.595984],[120.338272,22.596367],[120.337326,22.597568],[120.337148,22.597794],[120.336777,22.59822],[120.336519,22.598518],[120.336519,22.598518],[120.336534,22.59853],[120.337621,22.599383],[120.338334,22.599888],[120.338396,22.599932],[120.33954,22.600743],[120.339556,22.600754],[120.339573,22.600734],[120.340315,22.599858],[120.340352,22.599814],[120.340786,22.599345],[120.340895,22.599281],[120.34104,22.598979],[120.341209,22.598628],[120.341478,22.598285]]]}},{"type":"Feature","properties":{"name":"成功里","code":"64000120002","district":"鳳山區"},"geometry":{"type":"Polygon","coordinates":[[[120.359598,22.623203],[120.35881,22.622333],[120.358376,22.62269],[120.358134,22.622883],[120.358008,22.622964],[120.357709,22.623141],[120.357572,22.623205],[120.357528,22.623226],[120.357423,22.623314],[120.35737,22.623389],[120.357359,22.623404],[120.357319,22.623521],[120.357069,22.624351],[120.356902,22.624905],[120.35685,22.625077],[120.356596,22.62602],[120.356607,22.62602],[120.35741,22.626072],[120.358283,22.626128],[120.358666,22.626116],[120.359719,22.625931],[120.359704,22.625903],[120.359631,22.62577],[120.359464,22.625552],[120.359055,22.624957],[120.358799,22.624611],[120.358833,22.62459],[120.359179,22.624384],[120.359513,22.624115],[120.359961,22.623705],[120.359971,22.623696],[120.359982,22.623689],[120.36006,22.623633],[120.360072,22.623625],[120.360067,22.62362],[120.359598,22.623203]]]}}]}